appid,bizid,id_hash,str_device_type,str_server_ip,stream_id,u32_conn_server_time,u32_network_type,u32_video_bitrate,u32_video_reso,u64_begin_time,update_time
1253216102,9180,1519930528,iPhone 6s Plus,42.202.141.172:1935,9180_971366,17,1,911,35652544,1524240002105,2018-04-21 00:00:05
1253216102,9180,1519930559,Redmi 4X,183.2.192.168:1935,9180_971361,383,1,800,24117888,1524240007124,2018-04-21 00:00:12
1253216102,9180,1519930535,vivo Y66,157.255.128.40:1935,9180_971369,305,2,1200,35652544,1524240005018,2018-04-21 00:00:22
1253216102,9180,337909148,OPPO R11s,124.232.162.168:1935,9180_812892,141,1,1800,47187200,1524240032233,2018-04-21 00:00:41
1253216102,9180,350477200,MP1701,183.214.128.167:1935,9180_818417,40,1,1200,35652544,1524240033497,2018-04-21 00:00:46
1253216102,9180,642681435,OPPO R11s,223.111.153.38:1935,9180_903573,153,2,800,24117888,1524240068973,2018-04-21 00:01:12
1253216102,9180,1515910722,OPPO R9sk,117.169.71.147:1935,9180_957615,125,1,1200,35652544,1524240104379,2018-04-21 00:01:44
1253216102,9180,317759928,MP1503,111.7.189.164:1935,9180_720294,29,1,1200,35652544,1524240118900,2018-04-21 00:02:01
1253216102,9180,1518303645,OPPO R7s,111.47.223.38:1935,9180_968774,188,2,800,24117888,1524240137959,2018-04-21 00:02:18
1253216102,9180,1517846770,vivo X9s,221.180.165.28:1935,9180_968204,115,1,1200,35652544,1524240142957,2018-04-21 00:02:19
1253216102,9180,610842996,SM-G9550,42.236.125.37:1935,9180_853096,44,2,1800,47187200,1524240149601,2018-04-21 00:02:29
1253216102,9180,615257743,M5 Note,121.51.22.116:1935,9180_914839,136,1,1200,35652544,1524240074263,2018-04-21 00:02:45
1253216102,9180,1522178632,vivo X7Plus,218.11.11.172:1935,9180_960616,54,1,1200,35652544,1524240173904,2018-04-21 00:02:53
1253216102,9180,1146949536,MP1503,59.49.91.158:1935,9180_2946,78,1,800,24117888,1524240106266,2018-04-21 00:03:30
1253216102,9180,1521691222,vivo X6A,14.215.166.164:1935,9180_949445,37,1,1800,47187200,1524240229608,2018-04-21 00:03:50
1253216102,9180,1521439571,iPhone 7 Plus (CDMA),27.221.28.170:1935,9180_940742,90,1,1200,35652544,1524240242167,2018-04-21 00:04:02
1253216102,9180,1522074988,vivo Y67,112.17.5.50:1935,9180_963714,76,1,1200,35652544,1524240144317,2018-04-21 00:04:12
1253216102,9180,1521719609,PACT00,182.150.11.164:1935,9180_949090,57,1,1800,47187200,1524240259121,2018-04-21 00:04:20
1253216102,9180,642709820,vivo Y66,183.230.74.37:1935,9180_903841,460,1,1200,35652544,1524240285565,2018-04-21 00:04:46
1253216102,9180,1529273496,vivo Y67L,118.112.23.182:1935,9180_953358,66,1,1200,35652544,1524240277887,2018-04-21 00:04:47
1253216102,9180,1518906065,OPPO A77,118.180.26.16:1935,9180_961676,252,1,1200,35652544,1524240293061,2018-04-21 00:04:51
1253216102,9180,964837016,OPPO A59s,122.143.6.29:1935,9180_188554,107,2,1200,35652544,1524240294852,2018-04-21 00:04:55
1253216102,9180,168425359,vivo X9s,123.125.46.167:1935,9180_282990,52,1,1200,35652544,1524240254896,2018-04-21 00:05:14
1253216102,9180,1519930588,vivo Y67L,117.161.21.157:1935,9180_971371,208,2,1200,35652544,1524240319458,2018-04-21 00:05:21
1253216102,9180,1518337808,vivo Y66,112.90.58.158:1935,9180_967838,101,2,1200,35652544,1524240345492,2018-04-21 00:05:45
1253216102,9180,953949045,OPPO A57,182.140.217.37:1935,9180_714362,106,1,1200,35652544,1524240255579,2018-04-21 00:05:48
1253216102,9180,377953215,"iPhone10,3",220.194.87.159:1935,9180_113434,10,1,0,35652544,1524240377307,2018-04-21 00:06:17
1253216102,9180,946332479,OPPO R11,118.112.23.182:1935,9180_186812,135,1,1200,35652544,1524240386584,2018-04-21 00:06:27
1253216102,9180,1518331552,OPPO R11,1.198.4.40:1935,9180_967629,50,1,1200,35652544,1524240390237,2018-04-21 00:06:31
1253216102,9180,1517877315,M5 Note,118.112.23.182:1935,9180_968416,104,1,1200,35652544,1524240393518,2018-04-21 00:06:38
1253216102,9180,1522042123,vivo Y67,223.111.153.37:1935,9180_950879,244,1,1200,35652544,1524240390805,2018-04-21 00:06:40
1253216102,9180,1522909080,"iPhone10,2",121.51.40.118:1935,9180_935503,77,1,0,35652544,1524240360690,2018-04-21 00:06:50
1253216102,9180,1520019755,OPPO R11s,61.190.114.26:1935,9180_971084,59,1,1200,35652544,1524240413937,2018-04-21 00:07:00
1253216102,9180,1518603602,vivo Y66,183.203.65.20:1935,9180_970820,92,1,800,24117888,1524240421947,2018-04-21 00:07:01
1253216102,9180,1519931259,vivo V3,223.111.186.29:1935,9180_971342,120,1,1200,35652544,1524240418230,2018-04-21 00:07:01
1253216102,9180,1518298512,"iPhone10,3",117.169.71.167:1935,9180_968908,124,1,0,35652544,1524240446093,2018-04-21 00:07:26
1253216102,9180,1529453316,vivo X9,118.180.60.42:1935,9180_952259,187,2,1200,35652544,1524240484833,2018-04-21 00:08:02
1253216102,9180,1526101809,MP1602,27.152.185.167:1935,9180_922618,64,1,1200,35652544,1524240501192,2018-04-21 00:08:23
1253216102,9180,1519930591,vivo Y79,121.51.22.123:1935,9180_971372,336,1,1200,35652544,1524240502671,2018-04-21 00:08:24
1253216102,9180,1517873726,iPhone 6 Plus,222.218.80.151:1935,9180_965565,83,1,1275,35652544,1524240521922,2018-04-21 00:09:01
1253216102,9180,1517875021,1605-A01,121.51.22.118:1935,9180_965819,31,1,1200,35652544,1524240537654,2018-04-21 00:09:04
1253216102,9180,1518605503,Redmi Note 4,221.228.218.168:1935,9180_970607,95,1,1200,35652544,1524240527643,2018-04-21 00:09:12
1253216102,9180,1521438938,vivo X20A,1.198.4.40:1935,9180_940706,14203,1,1200,35652544,1524240575476,2018-04-21 00:09:35
1253216102,9180,1521444908,vivo X7Plus,120.221.31.42:1935,9180_940929,969,1,1200,35652544,1524240611371,2018-04-21 00:10:14
1253216102,9180,1517875811,JMM-AL10,221.180.165.29:1935,9180_965745,529,2,1200,35652544,1524240621661,2018-04-21 00:10:20
1253216102,9180,1520020099,vivo V3Max A,14.215.166.165:1935,9180_971030,42,1,1200,35652544,1524240627399,2018-04-21 00:10:28
1253216102,9180,1526133688,Meitu V4,61.191.60.40:1935,9180_921536,55,1,1800,47187200,1524240683265,2018-04-21 00:11:23
1253216102,9180,1523399132,vivo X9Plus,110.53.246.37:1935,9180_937871,107,2,1200,35652544,1524240720779,2018-04-21 00:12:01
1253216102,9180,171194844,OPPO A57,182.140.217.37:1935,9180_261180,85,1,1200,35652544,1524240747372,2018-04-21 00:12:27
1253216102,9180,1515866436,iPhone 5S,223.111.186.28:1935,9180_956514,46,2,1200,35652544,1524240768612,2018-04-21 00:12:49
1253216102,9180,1515765880,iPhone 6s,116.211.185.36:1935,9180_942912,36,1,1200,35652544,1524240789446,2018-04-21 00:13:09
1253216102,9180,1518612982,vivo X20A,123.6.4.165:1935,9180_970777,236,2,1200,35652544,1524240828517,2018-04-21 00:13:49
1253216102,9180,1534736733,iPhone 6,139.215.203.167:1935,9180_893422,48,1,1200,35652544,1524240842676,2018-04-21 00:14:02
1253216102,9180,1518607639,vivo Y51A,153.37.238.168:1935,9180_970464,113,2,1200,35652544,1524240844153,2018-04-21 00:14:08
1253216102,9180,1515887140,iPhone 7 Plus (CDMA),117.41.244.42:1935,9180_957116,22,1,1200,35652544,1524240876449,2018-04-21 00:14:36
1253216102,9180,1517877451,vivo X20A,123.6.6.28:1935,9180_968451,143,2,1200,35652544,1524240881140,2018-04-21 00:14:41
1253216102,9180,1519331825,vivo X20A,150.138.136.158:1935,9180_962710,23,1,1200,35652544,1524240897593,2018-04-21 00:14:58
1253216102,9180,1529841226,iPhone 7 (CDMA),61.128.151.34:1935,9180_926764,130,1,1200,35652544,1524240946154,2018-04-21 00:15:46
1253216102,9180,1518303321,iPhone 6s,1.189.213.158:1935,9180_968756,15,1,1200,35652544,1524240955562,2018-04-21 00:15:55
1253216102,9180,1519513031,MP1605,58.247.212.82:1935,9180_966283,240,1,1200,35652544,1524241018482,2018-04-21 00:16:59
1253216102,9180,1519930561,vivo Y66,157.255.128.37:1935,9180_971374,134,2,1200,35652544,1524241027830,2018-04-21 00:17:07
1253216102,9180,197645210,OPPO A57,112.17.5.48,9180_272228,207,2,1800,83886800,1524241027492,2018-04-21 00:17:08
1253216102,9180,1518864441,vivo X21A,111.7.189.165:1935,9180_964220,35,1,1200,35652544,1524241029455,2018-04-21 00:17:09
1253216102,9180,1519930563,vivo Y66i A,113.142.52.22:1935,9180_971376,148,1,1200,35652544,1524241041208,2018-04-21 00:17:20
1253216102,9180,1515769112,NX563J,183.230.74.37:1935,9180_942972,41,1,1200,35652544,1524241059884,2018-04-21 00:17:41
1253216102,9180,1519930560,F100L,183.203.65.20:1935,9180_971375,1246,1,1200,35652544,1524241065615,2018-04-21 00:17:45
1253216102,9180,1518606501,vivo X20A,113.105.155.168:1935,9180_970528,58,2,1200,35652544,1524241089382,2018-04-21 00:18:09
1253216102,9180,197545987,MP1701,1.189.213.28,9180_271274,198,1,1800,83886800,1524241129900,2018-04-21 00:18:50
1253216102,9180,1523146621,vivo Y51,112.17.5.48:1935,9180_932707,200,2,800,24117888,1524241236641,2018-04-21 00:20:37
1253216102,9180,969238849,MP1602,122.143.6.29:1935,9180_175112,19,1,1200,35652544,1524241260686,2018-04-21 00:21:02
1253216102,9180,1518600478,vivo X5Max+,121.51.22.123:1935,9180_970364,1122,1,1200,35652544,1524241264733,2018-04-21 00:21:07
1253216102,9180,1519930620,iPhone 7 (CDMA),218.11.11.172:1935,9180_971380,134,2,1200,35652544,1524241269426,2018-04-21 00:21:09
1253216102,9180,1519930621,"iPhone10,2",117.169.98.225:1935,9180_971381,39,1,0,35652544,1524241296275,2018-04-21 00:21:41
1253216102,9180,615262600,OPPO R11,123.125.46.151:1935,9180_914712,81,1,1200,35652544,1524241311202,2018-04-21 00:21:48
1253216102,9180,1491331902,iPhone 7 (CDMA),221.228.219.29:1935,9180_33461,109,1,1200,35652544,1524241319005,2018-04-21 00:21:59
1253216102,9180,317960723,MP1603,111.6.160.38:1935,9180_729677,67,1,1200,35652544,1524241329718,2018-04-21 00:22:21
1253216102,9180,1515888071,OPPO A59s,117.157.18.29:1935,9180_957143,382,1,1200,35652544,1524241342832,2018-04-21 00:22:23
1253216102,9180,1520019777,vivo Y66i A,121.51.40.111:1935,9180_971010,337,1,1200,35652544,1524241361430,2018-04-21 00:22:37
1253216102,9180,1523015514,M3s,183.2.192.168:1935,9180_931904,110,1,1200,35652544,1524241401002,2018-04-21 00:23:30
1253216102,9180,1520021689,vivo Xplay6,42.123.100.167:1935,9180_971266,211,2,800,24117888,1524241439717,2018-04-21 00:23:57
1253216102,9180,302972749,OPPO R9s,14.215.167.165:1935,9180_674774,22,1,1800,47187200,1524241482877,2018-04-21 00:25:03
1253216102,9180,1519168195,iPhone 6,157.255.128.40:1935,9180_948505,87,2,1200,35652544,1524241519398,2018-04-21 00:25:17
1253216102,9180,966282653,OPPO A79,222.84.158.146:1935,9180_217008,232,2,1200,35652544,1524241555766,2018-04-21 00:25:57
1253216102,9180,1537291672,OPPO A73t,123.125.46.37:1935,9180_820405,242,1,1200,35652544,1524241553535,2018-04-21 00:26:01
1253216102,9180,1525425460,vivo X6Plus A,14.204.144.168:1935,9180_969639,77,1,1200,35652544,1524241631123,2018-04-21 00:27:11
1253216102,9180,1519326750,vivo Y66L,223.111.243.159:1935,9180_962560,121,2,1200,35652544,1524241653045,2018-04-21 00:27:33
1253216102,9180,1518873444,vivo X9Plus,113.207.48.148:1935,9180_964529,132,1,1200,35652544,1524241689484,2018-04-21 00:28:09
1253216102,9180,1521449984,iPhone 6,218.75.176.89:1935,9180_940846,644,2,1200,35652544,1524241701114,2018-04-21 00:28:23
1253216102,9180,1518606241,vivo X9,112.47.9.29:1935,9180_970687,138,2,800,24117888,1524241761746,2018-04-21 00:29:21
1253216102,9180,1515766778,"iPhone10,2",111.47.228.29:1935,9180_942953,50,1,0,35652544,1524241781988,2018-04-21 00:29:47
1253216102,9180,1519930592,vivo X7,124.232.162.168:1935,9180_971384,135,1,1200,35652544,1524241789395,2018-04-21 00:29:50
1253216102,9180,1519930622,m1 note,182.150.11.34:1935,9180_971382,215,1,1200,35652544,1524241792859,2018-04-21 00:29:58
1253216102,9180,1519930593,iPhone 6s Plus,157.255.128.37:1935,9180_971385,150,1,1200,35652544,1524241825495,2018-04-21 00:30:25
1253216102,9180,1518872410,NX563J,218.75.176.88:1935,9180_964422,100,1,1200,35652544,1524241836170,2018-04-21 00:30:36
1253216102,9180,617101300,iPhone 6 Plus,150.138.184.38:1935,9180_835541,129,1,1500,35652544,1524241846275,2018-04-21 00:30:46
1253216102,9180,1523035022,vivo Xplay6,42.123.100.167:1935,9180_931752,191,2,800,24117888,1524241871563,2018-04-21 00:31:09
1253216102,9180,615372223,OPPO A59s,139.215.203.168:1935,9180_919904,283,2,1200,35652544,1524241881806,2018-04-21 00:31:22
1253216102,9180,1519289441,iPhone 6s,121.51.40.108:1935,9180_946894,148,1,1200,35652544,1524241887162,2018-04-21 00:31:27
1253216102,9180,954070020,PRO 6s,221.235.252.144:1935,9180_719621,29,1,1200,35652544,1524241938925,2018-04-21 00:32:19
1253216102,9180,1517870002,PACM00,111.62.242.159:1935,9180_965928,117,2,1200,35652544,1524241951027,2018-04-21 00:32:35
1253216102,9180,1519930623,MHA-AL00,42.56.79.28:1935,9180_971383,485,1,800,24117888,1524241970421,2018-04-21 00:32:51
1253216102,9180,1525432229,OPPO A59m,118.112.23.181:1935,9180_969783,537,1,1200,35652544,1524241989705,2018-04-21 00:33:13
1253216102,9180,173919276,OPPO R7,113.142.51.164:1935,9180_290678,83,1,1200,35652544,1524242013146,2018-04-21 00:33:33
1253216102,9180,1518297887,vivo X20A,106.117.249.167:1935,9180_967389,73,2,800,24117888,1524242019104,2018-04-21 00:33:50
1253216102,9180,1519930594,vivo X20A,113.107.216.41:1935,9180_971386,213,1,1200,35652544,1524242032248,2018-04-21 00:33:53
1253216102,9180,964840437,OPPO R9m,183.2.192.168:1935,9180_188390,121,2,1800,47187200,1524242066038,2018-04-21 00:34:27
1253216102,9180,1519931171,vivo X9Plus,111.202.99.167:1935,9180_971328,209,2,1200,35652544,1524242086601,2018-04-21 00:34:49
1253216102,9180,1519930595,iPhone 5S,157.255.128.40:1935,9180_971387,96,1,1283,35652544,1524242171294,2018-04-21 00:36:11
1253216102,9180,1485025000,OPPO R9s,112.47.9.28:1935,9180_52437,6335,1,1200,35652544,1524242226519,2018-04-21 00:37:40
1253216102,9180,529007732,vivo Xplay5A,36.103.248.168:1935,9180_450169,82,1,1200,35652544,1524242300198,2018-04-21 00:38:21
1253216102,9180,1519469968,BKL-AL20,113.107.216.41:1935,9180_966047,202,2,1200,35652544,1524242310610,2018-04-21 00:38:31
1253216102,9180,1519440147,vivo Y66,112.90.58.158:1935,9180_969561,160,2,1200,35652544,1524242317098,2018-04-21 00:38:37
1253216102,9180,1518627437,vivo Y66,113.142.52.29:1935,9180_970086,79,1,1200,35652544,1524242298891,2018-04-21 00:38:42
1253216102,9180,1518602627,"iPhone10,3",222.218.80.152:1935,9180_970937,8,1,0,35652544,1524242334324,2018-04-21 00:38:54
1253216102,9180,1520019788,SM-J3119S,27.152.185.168:1935,9180_971013,305,1,1200,35652544,1524242362996,2018-04-21 00:39:28
1253216102,9180,1520021754,vivo X7,58.216.107.38:1935,9180_971287,58,1,1200,35652544,1524242373554,2018-04-21 00:39:34
1253216102,9180,1521450306,vivo X9,14.215.166.35:1935,9180_940990,48,1,1200,35652544,1524242399898,2018-04-21 00:39:58
1253216102,9180,1522101786,vivo V3Max A,59.63.237.165:1935,9180_963477,206,2,1200,35652544,1524242438841,2018-04-21 00:40:40
1253216102,9180,615289712,vivo X21A,223.167.152.106:1935,9180_913529,73,1,1800,47187200,1524242462393,2018-04-21 00:41:01
1253216102,9180,1527600303,OPPO A59s,27.152.185.167:1935,9180_899943,60,1,1200,35652544,1524242510854,2018-04-21 00:41:53
1253216102,9180,1524799268,vivo X9,223.111.153.37:1935,9180_924465,108,1,1200,35652544,1524242530512,2018-04-21 00:42:19
1253216102,9180,1518603690,PIC-AL00,122.246.3.167:1935,9180_970828,93,2,1200,35652544,1524242546513,2018-04-21 00:42:31
1253216102,9180,1515900514,vivo Y66i,117.187.206.44:1935,9180_957496,140,2,1200,35652544,1524242558768,2018-04-21 00:42:32
1253216102,9180,1529465283,FRD-AL10,42.202.141.39:1935,9180_955398,599,1,1200,35652544,1524242549934,2018-04-21 00:42:32
1253216102,9180,1525812271,OPPO R11s,1.31.173.37:1935,9180_934022,79,2,1200,35652544,1524242558402,2018-04-21 00:42:40
1253216102,9180,1519291307,vivo V3M A,117.169.71.167:1935,9180_946637,61,1,1200,35652544,1524242575361,2018-04-21 00:42:56
1253216102,9180,1529365916,OPPO R11st,221.180.165.28:1935,9180_954383,142,1,1800,47187200,1524242594548,2018-04-21 00:43:24
1253216102,9180,1522939926,OPPO R11 Plusk,1.180.204.166:1935,9180_931158,118,1,800,24117888,1524242613395,2018-04-21 00:43:34
1253216102,9180,956628270,vivo X9,118.180.26.40:1935,9180_215557,159,2,1200,35652544,1524242616347,2018-04-21 00:43:36
1253216102,9180,1800421542,iPhone 6 Plus,111.7.189.165:1935,9180_1000005277,44,1,1200,35652544,1524242623991,2018-04-21 00:43:51
1253216102,9180,1515974157,vivo V3Max A,111.19.130.165:1935,9180_959616,96,1,1200,35652544,1524242631610,2018-04-21 00:44:05
1253216102,9180,1519930596,vivo X20A,157.255.128.37:1935,9180_971388,144,3,1200,35652544,1524242653762,2018-04-21 00:44:14
1253216102,9180,1518902128,vivo X9s,123.6.6.28:1935,9180_961220,35,1,1200,35652544,1524242692322,2018-04-21 00:44:54
1253216102,9180,1518102681,vivo X20A,1.180.204.167:1935,9180_966597,333,2,1200,35652544,1524242727961,2018-04-21 00:45:31
1253216102,9180,1526147395,EVA-TL00,183.2.192.168:1935,9180_923126,283,1,1200,35652544,1524242734041,2018-04-21 00:45:34
1253216102,9180,1515867877,HUAWEI MLA-AL10,182.150.11.34:1935,9180_956569,168,1,800,24117888,1524242740949,2018-04-21 00:45:44
1253216102,9180,1534359116,OPPO A57,125.78.252.38:1935,9180_897704,50,1,800,24117888,1524242791381,2018-04-21 00:46:30
1253216102,9180,1517877260,vivo Y67,59.49.91.158:1935,9180_968439,101,1,1200,35652544,1524242806641,2018-04-21 00:46:43
1253216102,9180,1518300232,OPPO R7,182.150.11.35:1935,9180_967320,80,1,1200,35652544,1524242832621,2018-04-21 00:47:14
1253216102,9180,1519930372,vivo X20A,183.2.192.37:1935,9180_971390,131,1,1200,35652544,1524242915368,2018-04-21 00:48:35
1253216102,9180,1521693280,vivo Y66,111.62.242.159:1935,9180_949241,112,1,1200,35652544,1524242926333,2018-04-21 00:48:51
1253216102,9180,1519930597,vivo Y55A,218.75.176.89:1935,9180_971389,206,2,1200,35652544,1524242935349,2018-04-21 00:48:57
1253216102,9180,1518279490,"iPhone10,2",121.51.40.112:1935,9180_967184,47,1,0,35652544,1524242969540,2018-04-21 00:49:29
1253216102,9180,951831009,DUK-AL20,223.87.3.35:1935,9180_759460,27,1,1200,35652544,1524243011933,2018-04-21 00:50:12
1253216102,9180,1522037235,vivo Y51A,61.128.151.35:1935,9180_950325,36,1,1200,35652544,1524243033995,2018-04-21 00:50:34
1253216102,9180,955569271,vivo X20,58.216.107.38:1935,9180_775163,34,1,1200,35652544,1524243039850,2018-04-21 00:50:39
1253216102,9180,1519440144,NEM-TL00,117.187.206.44:1935,9180_969560,671,2,1200,35652544,1524243070675,2018-04-21 00:51:11
1253216102,9180,1515910695,vivo X7,61.140.13.168:1935,9180_957623,78,1,1200,35652544,1524243074422,2018-04-21 00:51:20
1253216102,9180,1519930371,SM-C7010,121.51.40.112:1935,9180_971391,23,1,1200,35652544,1524243075992,2018-04-21 00:51:20
1253216102,9180,1681739118,"iPhone10,3",112.29.199.38:1935,9180_84383,156,2,0,35652544,1524243109500,2018-04-21 00:51:49
1253216102,9180,1518605408,CAM-AL00,42.56.76.41:1935,9180_970624,548,2,800,24117888,1524243130755,2018-04-21 00:52:11
1253216102,9180,615439149,iPhone 6s Plus,182.150.11.164:1935,9180_917766,36,2,1200,35652544,1524243152407,2018-04-21 00:52:32
1253216102,9180,1522079591,iPhone 6s,61.190.114.26:1935,9180_963640,88,2,1200,35652544,1524243187788,2018-04-21 00:53:07
1253216102,9180,1515972825,vivo X20A,112.17.5.48:1935,9180_959889,59,1,1200,35652544,1524243194783,2018-04-21 00:53:14
1253216102,9180,1518337752,vivo Xplay6,117.157.18.29:1935,9180_967898,38,1,1200,35652544,1524243197223,2018-04-21 00:53:16
1253216102,9180,1519930370,iPhone 6s Plus,111.7.189.165:1935,9180_971392,8,1,1200,35652544,1524243228611,2018-04-21 00:53:48
1253216102,9180,342706773,iPhone 6s Plus,122.228.251.40:1935,9180_800213,13,1,1200,35652544,1524243249837,2018-04-21 00:54:10
1253216102,9180,1522913746,OPPO R11s,110.53.246.37:1935,9180_935007,207,1,800,24117888,1524243358834,2018-04-21 00:56:07
1253216102,9180,1515729314,iPhone 6,157.255.128.37:1935,9180_942492,112,1,1200,35652544,1524243451685,2018-04-21 00:57:31
1253216102,9180,948670561,vivo Y66L,222.84.158.169:1935,9180_750190,105,1,800,24117888,1524243514467,2018-04-21 00:58:35
1253216102,9180,1519930368,vivo X9i,180.101.217.37:1935,9180_971394,64,1,800,24117888,1524243541282,2018-04-21 00:58:57
1253216102,9180,1526348264,OPPO R9tm,183.232.254.159:1935,9180_939033,87,1,1200,35652544,1524243560250,2018-04-21 00:59:22
1253216102,9180,1534331198,MP1603,111.12.28.21:1935,9180_897918,42,1,1200,35652544,1524243592928,2018-04-21 00:59:35
1253216102,9180,946258986,iPhone 7 Plus (CDMA),123.172.120.169:1935,9180_186144,88,1,0,35652544,1524243583886,2018-04-21 00:59:44
1253216102,9180,1519930369,vivo X5M,14.215.166.34:1935,9180_971393,243,1,1200,35652544,1524243590459,2018-04-21 00:59:51
1253216102,9180,1519469968,BKL-AL20,113.105.155.167:1935,9180_966047,207,2,1200,35652544,1524243609785,2018-04-21 01:00:12
1253216102,9180,337909148,OPPO R11s,218.75.176.89:1935,9180_812892,86,1,1800,47187200,1524243659401,2018-04-21 01:01:00
1253216102,9180,317759928,MP1503,111.7.189.164:1935,9180_720294,63,1,1200,35652544,1524243686602,2018-04-21 01:01:37
1253216102,9180,1519930398,MHA-AL00,106.119.182.42:1935,9180_971396,74,1,1200,35652544,1524243699722,2018-04-21 01:01:40
1253216102,9180,1518895622,Mi Note 2,121.51.40.118:1935,9180_961015,347,1,1200,35652544,1524243663821,2018-04-21 01:01:42
1253216102,9180,1523399132,vivo X9Plus,110.53.180.172:1935,9180_937871,127,2,1200,35652544,1524243631715,2018-04-21 01:01:55
1253216102,9180,1519930592,vivo X7,218.75.176.89:1935,9180_971384,115,1,1200,35652544,1524243744157,2018-04-21 01:02:25
1253216102,9180,1515745070,vivo X9s Plus L,123.6.6.29:1935,9180_943170,61,1,1200,35652544,1524243723324,2018-04-21 01:02:45
1253216102,9180,1519327133,vivo X7,111.12.28.21:1935,9180_962522,45,1,1200,35652544,1524243869519,2018-04-21 01:04:11
1253216102,9180,1520020001,vivo V3M A,117.157.18.30:1935,9180_971004,242,1,1200,35652544,1524243854842,2018-04-21 01:04:16
1253216102,9180,1527672533,MP1701,58.216.107.37:1935,9180_899059,67,1,1800,47187200,1524243859227,2018-04-21 01:04:19
1253216102,9180,1519440147,vivo Y66,112.90.58.159:1935,9180_969561,5139,2,1200,35652544,1524243924950,2018-04-21 01:05:27
1253216102,9180,1519930397,vivo X20A,111.47.223.37:1935,9180_971397,36,1,1200,35652544,1524243948358,2018-04-21 01:05:48
1253216102,9180,1517877451,vivo X20A,42.236.125.42:1935,9180_968451,80,2,1200,35652544,1524243978266,2018-04-21 01:06:18
1253216102,9180,1518312089,vivo X21A,183.232.152.159:1935,9180_967518,114,2,1200,35652544,1524244013274,2018-04-21 01:06:55
1253216102,9180,1519930396,JMM-AL00,1.31.173.41:1935,9180_971398,106,1,1200,35652544,1524244017538,2018-04-21 01:07:11
1253216102,9180,1517847517,OPPO A59m,118.180.26.16:1935,9180_968290,336,1,1800,47187200,1524244040827,2018-04-21 01:07:21
1253216102,9180,955569271,vivo X20,180.101.217.38:1935,9180_775163,28,1,1200,35652544,1524244056481,2018-04-21 01:07:44
1253216102,9180,1519326743,OPPO R11t,112.47.9.28:1935,9180_962567,98,2,1200,35652544,1524244100163,2018-04-21 01:08:45
1253216102,9180,1527600303,OPPO A59s,125.78.252.38:1935,9180_899943,43,1,1200,35652544,1524244128946,2018-04-21 01:08:49
1253216102,9180,1519930395,CUN-AL00,1.198.4.37:1935,9180_971399,5231,1,1200,35652544,1524244143757,2018-04-21 01:09:05
1253216102,9180,1681739118,"iPhone10,3",223.87.3.16:1935,9180_84383,16,1,0,35652544,1524244182408,2018-04-21 01:09:42
1253216102,9180,1520316785,vivo X9Plus,43.242.181.31:1935,9180_971401,220,2,1200,35652544,1524244206359,2018-04-21 01:10:05
1253216102,9180,1529378913,OPPO R9m,183.230.74.38:1935,9180_954662,71,1,1800,47187200,1524244208670,2018-04-21 01:10:09
1253216102,9180,87602960,OPPO A59s,218.11.8.28:1935,9180_607837,152,2,1200,35652544,1524244215993,2018-04-21 01:10:25
1253216102,9180,615252230,OPPO A79t,58.216.106.169:1935,9180_914520,75,1,1200,35652544,1524244251358,2018-04-21 01:10:51
1253216102,9180,1525425460,vivo X6Plus A,14.204.144.168:1935,9180_969639,87,1,1200,35652544,1524244285931,2018-04-21 01:11:26
1253216102,9180,1518081067,vivo X9,113.105.155.167:1935,9180_965366,35,1,1200,35652544,1524244327600,2018-04-21 01:12:06
1253216102,9180,1515766778,"iPhone10,2",111.47.228.29:1935,9180_942953,369,1,0,35652544,1524244356110,2018-04-21 01:12:38
1253216102,9180,1520316787,iPhone 6 Plus,117.169.71.167:1935,9180_971403,26,1,1200,35652544,1524244423020,2018-04-21 01:13:43
1253216102,9180,1518080115,iPhone 6s,218.75.176.89:1935,9180_965476,85,1,417,35652544,1524244450775,2018-04-21 01:14:17
1253216102,9180,343523345,BLN-AL40,183.232.254.159:1935,9180_792070,57,1,1200,35652544,1524244542199,2018-04-21 01:15:43
1253216102,9180,1518896681,iPhone 6s,222.218.80.151:1935,9180_961302,38,1,1200,35652544,1524244560968,2018-04-21 01:16:01
1253216102,9180,1518906065,OPPO A77,118.180.26.16:1935,9180_961676,374,1,1200,35652544,1524244640682,2018-04-21 01:17:17
1253216102,9180,1518601167,vivo X20A,111.62.242.159:1935,9180_970384,886,1,1200,35652544,1524244676514,2018-04-21 01:17:56
1253216102,9180,1522079591,iPhone 6s,61.191.60.40:1935,9180_963640,80,2,1200,35652544,1524244691076,2018-04-21 01:18:11
1253216102,9180,1800421543,MP1602,59.49.45.24:1935,9180_1000005278,92,1,1200,35652544,1524244759404,2018-04-21 01:19:21
1253216102,9180,304330152,vivo X9Plus,59.63.235.173:1935,9180_647214,54,1,1200,35652544,1524244783509,2018-04-21 01:19:43
1253216102,9180,1518337808,vivo Y66,157.255.128.37:1935,9180_967838,82,2,1200,35652544,1524244797617,2018-04-21 01:19:58
1253216102,9180,198587565,vivo X9,61.191.60.36:1935,9180_246943,118,1,1200,35652544,1524244813814,2018-04-21 01:20:22
1253216102,9180,1800421540,iPhone 6 Plus,111.7.189.165:1935,9180_1000005279,86,2,1200,35652544,1524244825005,2018-04-21 01:20:25
1253216102,9180,1520316790,OPPO R11st,218.75.176.88:1935,9180_971406,63,1,1200,35652544,1524244836445,2018-04-21 01:20:37
1253216102,9180,1519289441,iPhone 6s,121.51.40.108:1935,9180_946894,82,1,1200,35652544,1524244834585,2018-04-21 01:20:39
1253216102,9180,1518300198,vivo X9i,58.247.212.83:1935,9180_967331,76,1,1200,35652544,1524244864885,2018-04-21 01:21:05
1253216102,9180,967415017,OPPO R11st,157.255.128.37:1935,9180_157832,177,2,1200,35652544,1524244858721,2018-04-21 01:21:13
1253216102,9180,1800421566,OPPO R9tm,27.152.185.168:1935,9180_1000005280,163,2,1200,35652544,1524244878919,2018-04-21 01:21:20
1253216102,9180,1800421565,MP1602,59.49.45.24:1935,9180_1000005281,43,1,1200,35652544,1524244901729,2018-04-21 01:21:43
1253216102,9180,1534786997,MP1602,27.221.54.149:1935,9180_893618,49,1,800,24117888,1524244916570,2018-04-21 01:21:58
1253216102,9180,1520316792,vivo X9L,180.101.217.37:1935,9180_971408,91,1,1200,35652544,1524244956144,2018-04-21 01:22:41
1253216102,9180,1529841226,iPhone 7 (CDMA),61.128.150.41:1935,9180_926764,177,1,1200,35652544,1524244968181,2018-04-21 01:22:48
1253216102,9180,1515319360,vivo X6Plus D,113.142.52.21:1935,9180_944352,59,1,1200,35652544,1524244974089,2018-04-21 01:22:55
1253216102,9180,1523389947,iPhone 6s,113.207.48.169:1935,9180_937537,45,2,1200,35652544,1524245063052,2018-04-21 01:24:23
1253216102,9180,1520316817,vivo X7,223.167.152.106:1935,9180_971410,122,1,800,24117888,1524245096254,2018-04-21 01:24:57
1253216102,9180,1526166502,OPPO R11t,112.47.9.28:1935,9180_923879,360,1,800,24117888,1524245119783,2018-04-21 01:25:21
1253216102,9180,1522497813,WAS-TL10,118.180.26.16:1935,9180_951519,124,1,1200,35652544,1524245161612,2018-04-21 01:26:02
1253216102,9180,534213706,vivo X20A,14.215.166.35:1935,9180_465140,50,1,1200,35652544,1524245191259,2018-04-21 01:26:40
1253216102,9180,1800421564,OPPO R9tm,27.152.185.168:1935,9180_1000005282,81,2,1200,35652544,1524245214375,2018-04-21 01:26:55
1253216102,9180,1523336063,iPhone 7 Plus (CDMA),27.152.185.167:1935,9180_936728,15,1,1200,35652544,1524245226650,2018-04-21 01:27:07
1253216102,9180,641768757,MI 4LTE,112.17.5.50:1935,9180_907658,113,2,1200,35652544,1524245249194,2018-04-21 01:27:29
1253216102,9180,1520316819,PACM00,223.85.59.172:1935,9180_971412,55,1,1200,35652544,1524245290237,2018-04-21 01:28:10
1253216102,9180,1520316818,vivo Y75A,111.62.242.158:1935,9180_971413,111,2,1200,35652544,1524245286921,2018-04-21 01:28:19
1253216102,9180,1527637919,EVA-TL00,112.29.199.38:1935,9180_898016,289,1,1200,35652544,1524245399883,2018-04-21 01:30:00
1253216102,9180,1537291672,OPPO A73t,111.202.99.157:1935,9180_820405,257,1,1200,35652544,1524245512998,2018-04-21 01:31:53
1253216102,9180,1515910695,vivo X7,14.215.166.35:1935,9180_957623,23,1,1200,35652544,1524246139316,2018-04-21 01:42:19
1253216102,9180,1529279850,vivo X9s Plus,118.180.26.16:1935,9180_953956,116,1,800,24117888,1524246179547,2018-04-21 01:42:59
1253216102,9180,1521450021,MP1701,139.215.203.173:1935,9180_940818,159,1,1800,47187200,1524246241284,2018-04-21 01:44:53
1253216102,9180,1519173225,iPhone 6 Plus,121.51.40.112:1935,9180_948463,210,1,1200,35652544,1524246530157,2018-04-21 01:48:50
1253216102,9180,1518872410,NX563J,124.232.162.167:1935,9180_964422,73,1,1200,35652544,1524246567459,2018-04-21 01:49:27
1253216102,9180,1523436812,"iPhone10,3",223.111.186.29:1935,9180_937731,43,2,0,35652544,1524246598757,2018-04-21 01:49:58
1253216102,9180,615287705,OPPO R9m,124.89.197.30:1935,9180_913744,207,2,1200,35652544,1524246696200,2018-04-21 01:51:36
1253216102,9180,956247554,OPPO A59m,183.214.128.168:1935,9180_786214,284,2,800,24117888,1524246717888,2018-04-21 01:51:56
1253216102,9180,1518300232,OPPO R7,182.150.11.35:1935,9180_967320,187,1,1200,35652544,1524246745758,2018-04-21 01:52:27
1253216102,9180,1526096767,MP1603,125.78.252.39:1935,9180_922567,62,1,1200,35652544,1524247183532,2018-04-21 01:59:44
1253216102,9180,1491331902,iPhone 7 (CDMA),180.101.153.141:1935,9180_33461,73,1,1200,35652544,1524247182728,2018-04-21 01:59:45
1253216102,9180,1523422666,OPPO A57,42.202.141.40:1935,9180_936434,24,1,1200,35652544,1524247217999,2018-04-21 02:00:18
1253216102,9180,1529273586,PAAM00,223.85.59.172:1935,9180_953361,185,1,1200,35652544,1524247318300,2018-04-21 02:02:04
1253216102,9180,1515919130,OPPO R9s,223.111.153.37:1935,9180_958793,130,1,1200,35652544,1524247325764,2018-04-21 02:02:06
1253216102,9180,350363854,iPhone 7 (CDMA),42.202.141.39:1935,9180_819627,63,1,1200,35652544,1524247616224,2018-04-21 02:06:56
1253216102,9180,617232675,OPPO R9m,221.180.165.28:1935,9180_841275,96,1,1200,35652544,1524247793475,2018-04-21 02:09:53
1253216102,9180,609754670,iPhone 6s,111.19.130.174:1935,9180_878520,1163,1,1013,35652544,1524248016984,2018-04-21 02:13:37
1253216102,9180,1518081067,vivo X9,14.215.167.165:1935,9180_965366,328,1,1200,35652544,1524248038743,2018-04-21 02:13:57
1253216102,9180,1519512878,SM-C7000,113.207.48.148:1935,9180_966250,36,1,800,24117888,1524248098042,2018-04-21 02:14:58
1253216102,9180,951831009,DUK-AL20,223.87.3.35:1935,9180_759460,30,1,1200,35652544,1524248100200,2018-04-21 02:15:00
1253216102,9180,616229287,vivo X9s L,182.150.11.34:1935,9180_856687,143,1,1200,35652544,1524248114572,2018-04-21 02:15:13
1253216102,9180,1521475676,SM-N9200,111.202.99.171:1935,9180_941838,26,1,800,24117888,1524248160714,2018-04-21 02:16:02
1253216102,9180,1521449984,iPhone 6,124.232.162.168:1935,9180_940846,89,1,881,35652544,1524248287942,2018-04-21 02:18:08
1253216102,9180,1519330100,iPhone 7 Plus (CDMA),122.246.10.44:1935,9180_962852,11,1,1200,35652544,1524248581285,2018-04-21 02:23:02
1253216102,9180,304330152,vivo X9Plus,59.63.235.173:1935,9180_647214,36,1,1200,35652544,1524248661892,2018-04-21 02:24:21
1253216102,9180,954491214,MP1701,223.111.243.159:1935,9180_766280,112,1,1200,35652544,1524248745432,2018-04-21 02:25:46
1253216102,9180,1526324200,vivo X7,125.78.252.38:1935,9180_922087,326,1,1200,35652544,1524248973250,2018-04-21 02:29:34
1253216102,9180,1534352089,OPPO R11,42.56.76.41:1935,9180_896120,186,1,1800,47187200,1524249701644,2018-04-21 02:42:23
1253216102,9180,1518300254,OPPO A83,121.29.54.37:1935,9180_967339,39,1,1200,35652544,1524249838833,2018-04-21 02:44:00
1253216102,9180,1526101809,MP1602,125.78.252.38:1935,9180_922618,75,1,1200,35652544,1524249916040,2018-04-21 02:45:20
1253216102,9180,1534741687,iPhone 5S,106.117.249.167:1935,9180_892968,278,1,1200,35652544,1524249981120,2018-04-21 02:46:21
1253216102,9180,1524797298,MP1602,222.218.80.152:1935,9180_924661,122,1,1200,35652544,1524250000646,2018-04-21 02:46:44
1253216102,9180,1519326743,OPPO R11t,112.47.9.28:1935,9180_962567,122,2,1200,35652544,1524250184328,2018-04-21 02:49:50
1253216102,9180,1521711193,iPhone 6s Plus,61.140.13.168:1935,9180_947632,19,1,1544,35652544,1524250197987,2018-04-21 02:49:58
1253216102,9180,615287705,OPPO R9m,101.69.121.38:1935,9180_913744,121,2,1200,35652544,1524250493920,2018-04-21 02:54:53
1253216102,9180,1515765880,iPhone 6s,221.235.252.171:1935,9180_942912,18,1,1494,35652544,1524251040517,2018-04-21 03:04:00
1253216102,9180,617232675,OPPO R9m,221.180.165.29:1935,9180_841275,140,1,1200,35652544,1524251171375,2018-04-21 03:06:11
1253216102,9180,1522177807,MP1603,117.174.151.13:1935,9180_960921,241,2,1800,47187200,1524251368761,2018-04-21 03:09:29
1253216102,9180,1529806521,NX569H,125.78.252.39:1935,9180_927539,657,1,1200,35652544,1524251413872,2018-04-21 03:10:14
1253216102,9180,1526095307,BLN-TL10,27.152.185.167:1935,9180_921256,135,1,1200,35652544,1524251769849,2018-04-21 03:16:12
1253216102,9180,1800421563,OPPO A83,218.11.8.28:1935,9180_1000005283,29,1,1200,35652544,1524252293745,2018-04-21 03:24:55
1253216102,9180,1800421562,OPPO A83,218.11.11.172:1935,9180_1000005284,37,1,1200,35652544,1524252406460,2018-04-21 03:26:47
1253216102,9180,615287705,OPPO R9m,101.69.121.37:1935,9180_913744,175,2,1200,35652544,1524252645361,2018-04-21 03:31:27
1253216102,9180,1521467819,MP1602,120.221.31.42:1935,9180_941010,59,1,1200,35652544,1524253217957,2018-04-21 03:40:19
1253216102,9180,1800421561,OPPO A83,218.11.8.28:1935,9180_1000005285,24,1,1200,35652544,1524253619592,2018-04-21 03:47:01
1253216102,9180,1534579853,iPhone 6 Plus,111.13.3.40:1935,9180_895123,56,1,1200,35652544,1524254461167,2018-04-21 04:01:01
1253216102,9180,1515867877,HUAWEI MLA-AL10,118.112.23.181:1935,9180_956569,178,1,800,24117888,1524254609794,2018-04-21 04:03:33
1253216102,9180,176445590,OPPO R7s,223.111.186.29:1935,9180_579311,5100,1,1200,35652544,1524254626799,2018-04-21 04:03:47
1253216102,9180,1681739118,"iPhone10,3",223.87.3.16:1935,9180_84383,15,1,1239,35652544,1524255029065,2018-04-21 04:10:29
1253216102,9180,1526095307,BLN-TL10,125.78.252.39:1935,9180_921256,23,1,1200,35652544,1524255617084,2018-04-21 04:20:17
1253216102,9180,1519330100,iPhone 7 Plus (CDMA),122.228.56.20:1935,9180_962852,13,1,1200,35652544,1524256321478,2018-04-21 04:32:01
1253216102,9180,1515879317,BLN-AL40,111.6.160.38:1935,9180_956856,150,1,1200,35652544,1524256876027,2018-04-21 04:41:17
1253216102,9180,967731905,OPPO A57t,112.17.5.48:1935,9180_154145,23,1,1200,35652544,1524257512118,2018-04-21 04:51:50
1253216102,9180,343427173,KIW-TL00H,223.111.186.29:1935,9180_793147,160,1,800,24117888,1524257721083,2018-04-21 04:55:21
1253216102,9180,1524816371,OPPO A57,110.53.246.37:1935,9180_924185,31,1,1200,35652544,1524257818177,2018-04-21 04:56:57
1253216102,9180,304330152,vivo X9Plus,117.41.244.37:1935,9180_647214,98,1,1200,35652544,1524257872043,2018-04-21 04:57:52
1253216102,9180,176445590,OPPO R7s,223.111.153.37:1935,9180_579311,71,1,1200,35652544,1524258278708,2018-04-21 05:04:39
1253216102,9180,1529454407,OPPO R9tm,221.204.165.42:1935,9180_952131,138,1,1800,47187200,1524258443564,2018-04-21 05:07:24
1253216102,9180,1800421560,OPPO A83,121.29.54.37:1935,9180_1000005286,44,1,1200,35652544,1524258730807,2018-04-21 05:12:12
1253216102,9180,1515320717,vivo X20A,157.255.128.40:1935,9180_944695,108,2,1200,35652544,1524259496120,2018-04-21 05:25:04
1253216102,9180,1527600303,OPPO A59s,27.152.185.167:1935,9180_899943,33,1,1200,35652544,1524259626821,2018-04-21 05:27:07
1253216102,9180,951831009,DUK-AL20,117.174.151.13:1935,9180_759460,5063,1,1200,35652544,1524259674826,2018-04-21 05:27:55
1253216102,9180,170825260,vivo X710L,27.152.185.168:1935,9180_264818,341,1,1200,35652544,1524260999914,2018-04-21 05:49:59
1253216102,9180,1525426545,OPPO R9 Plusm A,42.56.79.29:1935,9180_969955,75,1,1200,35652544,1524261013163,2018-04-21 05:50:13
1253216102,9180,1519367945,"iPhone10,1",180.101.217.37:1935,9180_946303,32,1,0,35652544,1524261347592,2018-04-21 05:55:47
1253216102,9180,1519484063,OPPO A83t,120.221.31.37:1935,9180_969137,54,1,1200,35652544,1524261728550,2018-04-21 06:02:10
1253216102,9180,1515745128,STF-AL10,125.78.252.39:1935,9180_943154,54,1,1200,35652544,1524261824809,2018-04-21 06:03:45
1253216102,9180,615387590,OPPO A59s,111.26.143.172:1935,9180_918624,787,2,800,24117888,1524261860989,2018-04-21 06:04:21
1253216102,9180,86404100,vivo X7,123.161.58.28:1935,9180_628182,147,1,1200,35652544,1524262283348,2018-04-21 06:11:23
1253216102,9180,1522468218,iPhone 7 Plus (CDMA),223.167.152.112:1935,9180_951990,61,1,1200,35652544,1524262345577,2018-04-21 06:12:25
1253216102,9180,170825260,vivo X710L,27.152.185.167:1935,9180_264818,349,1,1200,35652544,1524262400233,2018-04-21 06:13:20
1253216102,9180,1524816371,OPPO A57,117.41.244.37:1935,9180_924185,86,2,1200,35652544,1524262460036,2018-04-21 06:14:21
1253216102,9180,1518337753,vivo X9s Plus,121.29.54.37:1935,9180_967899,238,2,1200,35652544,1524262602186,2018-04-21 06:17:32
1253216102,9180,1526361679,OPPO A73t,183.214.128.167:1935,9180_938514,104,1,1800,47187200,1524262685583,2018-04-21 06:18:06
1253216102,9180,615291650,vivo X9L,58.216.107.38:1935,9180_913318,82,1,1200,35652544,1524263260034,2018-04-21 06:27:38
1253216102,9180,620038779,MI 5X,183.232.152.158:1935,9180_911157,54,1,1200,35652544,1524263533972,2018-04-21 06:32:14
1253216102,9180,1522939926,OPPO R11 Plusk,1.180.204.167:1935,9180_931158,116,1,800,24117888,1524264177895,2018-04-21 06:42:59
1253216102,9180,1529808675,iPhone 6s,111.19.130.165:1935,9180_929807,24,1,1200,35652544,1524264305096,2018-04-21 06:45:05
1253216102,9180,1519266342,vivo X7,117.161.21.158:1935,9180_947560,133,1,1200,35652544,1524264544499,2018-04-21 06:49:05
1253216102,9180,1529384742,OPPO R9s,220.194.87.154:1935,9180_954134,236,1,800,24117888,1524264615303,2018-04-21 06:50:13
1253216102,9180,1515936205,iPhone 6,123.6.4.165:1935,9180_958503,511,2,1200,35652544,1524264893357,2018-04-21 06:54:53
1253216102,9180,641836111,"iPhone10,2",111.26.143.172:1935,9180_905045,35,1,1200,35652544,1524264908550,2018-04-21 06:55:11
1253216102,9180,1519267472,vivo X20Plus A,112.17.5.48:1935,9180_947228,44,1,800,24117888,1524265332484,2018-04-21 07:02:13
1253216102,9180,641836111,"iPhone10,2",111.26.143.172:1935,9180_905045,8,1,1200,35652544,1524265414695,2018-04-21 07:03:35
1253216102,9180,170825260,vivo X710L,125.78.252.39:1935,9180_264818,30,1,1200,35652544,1524265589348,2018-04-21 07:06:29
1253216102,9180,1521435253,OPPO R9tm,223.87.3.16:1935,9180_940339,111,2,1200,35652544,1524265874074,2018-04-21 07:11:16
1253216102,9180,510484368,vivo Y55A,117.157.18.30:1935,9180_432263,249,1,1200,35652544,1524266338486,2018-04-21 07:19:00
1253216102,9180,1527603060,vivo Y66L,219.147.231.29:1935,9180_899461,240,1,1200,35652544,1524266992804,2018-04-21 07:29:53
1253216102,9180,1515321486,OPPO R9 Plusm A,182.247.250.167:1935,9180_944430,112,1,1800,47187200,1524267096769,2018-04-21 07:31:44
1253216102,9180,945793973,OPPO R9tm,42.56.79.29:1935,9180_166392,82,2,1200,35652544,1524267182965,2018-04-21 07:33:04
1253216102,9180,1529384806,GN5001S,1.31.173.38:1935,9180_954156,125,1,1200,35652544,1524267239298,2018-04-21 07:33:59
1253216102,9180,615387590,OPPO A59s,111.26.143.172:1935,9180_918624,666,1,800,24117888,1524267029002,2018-04-21 07:35:16
1253216102,9180,1515947630,vivo Y85A,118.180.26.40:1935,9180_959002,110,1,1200,35652544,1524267692539,2018-04-21 07:41:33
1253216102,9180,1519367945,"iPhone10,1",221.228.219.28:1935,9180_946303,24,1,0,35652544,1524267795097,2018-04-21 07:43:15
1253216102,9180,1515322872,CAM-TL00,121.51.40.110:1935,9180_944451,502,1,1200,35652544,1524267056313,2018-04-21 07:43:28
1253216102,9180,1515865716,vivo Y66i,112.17.5.50:1935,9180_956390,664,1,1200,35652544,1524267946596,2018-04-21 07:45:46
1253216102,9180,1523336126,OPPO A57,42.56.76.37:1935,9180_936781,139,1,1800,47187200,1524267997822,2018-04-21 07:46:38
1253216102,9180,1526577610,vivo X9Plus,121.51.22.112:1935,9180_938133,79,1,1200,35652544,1524268076218,2018-04-21 07:48:01
1253216102,9180,1529279850,vivo X9s Plus,118.180.26.40:1935,9180_953956,148,1,800,24117888,1524268134917,2018-04-21 07:48:55
1253216102,9180,1519326743,OPPO R11t,112.47.9.28:1935,9180_962567,52,1,1200,35652544,1524268402895,2018-04-21 07:53:23
1253216102,9180,1529378913,OPPO R9m,183.230.74.38:1935,9180_954662,158,1,1800,47187200,1524268415910,2018-04-21 07:53:40
1253216102,9180,1526360612,iPhone 6s Plus,182.150.11.35:1935,9180_938225,44,1,1200,35652544,1524268579731,2018-04-21 07:56:19
1253216102,9180,1517878319,WAS-AL00,183.2.192.167:1935,9180_968100,5088,1,1200,35652544,1524268906664,2018-04-21 08:01:47
1253216102,9180,1517877252,vivo X7Plus,223.111.186.28:1935,9180_968431,150,2,1200,35652544,1524268954184,2018-04-21 08:02:33
1253216102,9180,1525425533,vivo X9,121.51.40.110:1935,9180_969654,111,1,1200,35652544,1524269032700,2018-04-21 08:03:53
1253216102,9180,1518105892,vivo V3Max A,1.189.213.28:1935,9180_966543,186,2,1200,35652544,1524269039540,2018-04-21 08:04:00
1253216102,9180,1519442587,vivo X7Plus,123.6.6.28:1935,9180_969201,129,2,1200,35652544,1524269044988,2018-04-21 08:04:01
1253216102,9180,1515941804,vivo Y66,120.192.69.167:1935,9180_958954,758,1,800,24117888,1524269046149,2018-04-21 08:04:07
1253216102,9180,1529805331,vivo Y67L,183.232.254.159,9180_927286,107,2,800,41943408,1524269082735,2018-04-21 08:04:43
1253216102,9180,613610162,OPPO R11,111.13.3.40:1935,9180_883993,142,2,1800,47187200,1524269089069,2018-04-21 08:04:50
1253216102,9180,1526321042,vivo Y66,221.180.165.29:1935,9180_922197,139,1,1200,35652544,1524269110884,2018-04-21 08:05:11
1253216102,9180,1523335960,vivo Y66,122.228.251.40:1935,9180_936757,58,1,1200,35652544,1524269072397,2018-04-21 08:05:20
1253216102,9180,1523388774,OPPO R9s,42.236.126.167:1935,9180_937239,119,1,1200,35652544,1524269122673,2018-04-21 08:05:24
1253216102,9180,1518901170,OPPO R9sk,113.207.48.169:1935,9180_961728,119,1,1200,35652544,1524269191021,2018-04-21 08:06:31
1253216102,9180,1520020129,Redmi 4X,111.12.28.21:1935,9180_971041,203,2,1200,35652544,1524269200688,2018-04-21 08:06:31
1253216102,9180,1523123244,lephone T708,111.40.174.13,9180_933171,110,1,1200,62915104,1524269250894,2018-04-21 08:07:31
1253216102,9180,1520316575,SM-G9650,103.18.208.168:1935,9180_971494,50,2,1200,35652544,1524269277077,2018-04-21 08:07:59
1253216102,9180,168425359,vivo X9s,123.125.46.168:1935,9180_282990,165,1,1200,35652544,1524269226895,2018-04-21 08:08:25
1253216102,9180,1520316561,vivo Y51A,111.62.242.158:1935,9180_971496,115,1,1200,35652544,1524269322615,2018-04-21 08:08:58
1253216102,9180,1529270375,vivo V3M A,111.19.130.165:1935,9180_953443,78,1,1200,35652544,1524269375669,2018-04-21 08:09:36
1253216102,9180,1520316560,BAC-AL00,117.135.128.43:1935,9180_971497,143,2,1200,35652544,1524269369064,2018-04-21 08:09:44
1253216102,9180,1519327699,vivo X21A,27.221.28.170:1935,9180_962325,111,2,1200,35652544,1524269411634,2018-04-21 08:10:11
1253216102,9180,1519447352,vivo Y37,117.187.206.44:1935,9180_969230,267,2,1200,35652544,1524269438507,2018-04-21 08:10:39
1253216102,9180,1800421511,vivo Y66i A,117.41.244.42:1935,9180_1000005287,107,1,1200,35652544,1524269498843,2018-04-21 08:11:37
1253216102,9180,641824237,HWI-AL00,1.189.213.158:1935,9180_905187,638,2,800,24117888,1524269506679,2018-04-21 08:11:46
1253216102,9180,1520316563,vivo X9s,183.2.192.168:1935,9180_971498,66,1,1200,35652544,1524269510886,2018-04-21 08:11:48
1253216102,9180,1518101301,OPPO A57t,112.47.9.28,9180_966804,81,1,1800,83886800,1524269515326,2018-04-21 08:11:56
1253216102,9180,1517878126,vivo X6SPlus D,36.103.247.11:1935,9180_968480,970,1,800,24117888,1524269515701,2018-04-21 08:11:56
1253216102,9180,1522073161,OPPO A57,111.40.174.16:1935,9180_951315,232,2,1200,35652544,1524269535931,2018-04-21 08:12:15
1253216102,9180,87602960,OPPO A59s,218.11.11.173:1935,9180_607837,118,2,1200,35652544,1524269536241,2018-04-21 08:12:26
1253216102,9180,1519930559,Redmi 4X,157.255.128.40:1935,9180_971361,137,2,800,24117888,1524269586324,2018-04-21 08:13:11
1253216102,9180,1519930368,vivo X9i,221.228.218.168:1935,9180_971394,59,1,800,24117888,1524269653704,2018-04-21 08:14:10
1253216102,9180,1515767798,vivo X9Plus L,116.211.184.145:1935,9180_942830,5739,2,1200,35652544,1524269660101,2018-04-21 08:14:17
1253216102,9180,615720972,OPPO A59s,42.56.79.29:1935,9180_916069,436,1,1200,35652544,1524269660712,2018-04-21 08:14:19
1253216102,9180,1537627518,vivo X9Plus,157.255.128.37:1935,9180_823409,60,2,1200,35652544,1524269683571,2018-04-21 08:14:43
1253216102,9180,1534359116,OPPO A57,27.152.185.168:1935,9180_897704,93,1,800,24117888,1524269706976,2018-04-21 08:15:07
1253216102,9180,1522467879,OPPO R11s Plus,106.117.249.168:1935,9180_951967,59,1,800,24117888,1524269707756,2018-04-21 08:15:07
1253216102,9180,1523145543,MP1701,121.51.40.110:1935,9180_932808,84,1,1200,35652544,1524269708695,2018-04-21 08:15:10
1253216102,9180,1520317881,vivo Y66L,112.17.5.50:1935,9180_971500,144,2,1200,35652544,1524269748814,2018-04-21 08:15:51
1253216102,9180,1519437299,vivo V3Max A,223.111.243.159:1935,9180_969448,69,1,1200,35652544,1524269802497,2018-04-21 08:16:45
1253216102,9180,1518608360,vivo V3M A,122.143.6.29:1935,9180_970471,3246,2,1200,35652544,1524269808071,2018-04-21 08:16:49
1253216102,9180,1520317883,OPPO R11s,223.111.153.37:1935,9180_971502,63,1,1200,35652544,1524269853524,2018-04-21 08:17:34
1253216102,9180,1521698797,OPPO R11,61.190.114.26:1935,9180_947798,29,1,800,24117888,1524269883406,2018-04-21 08:18:04
1253216102,9180,1515936205,iPhone 6,42.236.126.167:1935,9180_958503,191,2,1200,35652544,1524269892050,2018-04-21 08:18:12
1253216102,9180,1520317880,vivo Y55,218.11.11.173:1935,9180_971501,226,2,1200,35652544,1524269906996,2018-04-21 08:18:25
1253216102,9180,1522069999,vivo V3Max A,42.123.100.168:1935,9180_950544,107,1,1200,35652544,1524269907174,2018-04-21 08:18:27
1253216102,9180,1518101528,vivo Y55,120.192.69.167:1935,9180_966872,44,1,1200,35652544,1524269976302,2018-04-21 08:19:57
1253216102,9180,1520317882,vivo Y67,123.125.46.168:1935,9180_971503,207,2,1200,35652544,1524269999054,2018-04-21 08:20:05
1253216102,9180,1515970221,OPPO R9s Plus,112.29.199.37:1935,9180_959281,870,2,1200,35652544,1524270012280,2018-04-21 08:20:13
1253216102,9180,620436976,OPPO R11s,221.228.218.168:1935,9180_901593,86,1,1200,35652544,1524270033547,2018-04-21 08:20:34
1253216102,9180,1520018733,NG3,150.138.176.170:1935,9180_971183,299,1,1200,35652544,1524270094704,2018-04-21 08:21:33
1253216102,9180,1515947630,vivo Y85A,118.180.26.40:1935,9180_959002,210,1,1200,35652544,1524270103321,2018-04-21 08:21:43
1253216102,9180,1522042123,vivo Y67,223.111.153.38:1935,9180_950879,280,1,1200,35652544,1524270135819,2018-04-21 08:22:17
1253216102,9180,1520317824,SM-G9550,1.189.213.28:1935,9180_971509,37,2,1200,35652544,1524270175372,2018-04-21 08:22:56
1253216102,9180,1519327379,vivo Y75A,183.232.254.160:1935,9180_962288,130,2,1200,35652544,1524270161752,2018-04-21 08:23:02
1253216102,9180,84514470,MI 5s Plus,61.191.60.40:1935,9180_552297,20,1,1200,35652544,1524270184292,2018-04-21 08:23:04
1253216102,9180,1520317825,GIONEE S10,122.143.6.29:1935,9180_971508,128,2,800,24117888,1524270192462,2018-04-21 08:23:14
1253216102,9180,1520317886,vivo Y79A,120.192.69.168:1935,9180_971507,42,1,1200,35652544,1524270236502,2018-04-21 08:23:54
1253216102,9180,1520317784,vivo Y67L,223.111.186.29:1935,9180_971510,132,1,1200,35652544,1524270316081,2018-04-21 08:25:17
1253216102,9180,1519441623,vivo X9L,218.98.10.11:1935,9180_969322,239,2,1200,35652544,1524270329122,2018-04-21 08:25:28
1253216102,9180,1529806928,OPPO A59s,106.117.249.38:1935,9180_929978,126,2,1800,47187200,1524270352203,2018-04-21 08:25:59
1253216102,9180,615372223,OPPO A59s,122.143.6.29:1935,9180_919904,155,2,1200,35652544,1524270371486,2018-04-21 08:26:14
1253216102,9180,964837016,OPPO A59s,122.143.6.29:1935,9180_188554,66,2,1200,35652544,1524270409117,2018-04-21 08:26:52
1253216102,9180,1518273718,vivo X9,122.246.3.167:1935,9180_967111,5301,1,1200,35652544,1524270445237,2018-04-21 08:27:25
1253216102,9180,641829327,vivo X9s,116.211.185.37:1935,9180_905780,1759,1,1200,35652544,1524270471140,2018-04-21 08:27:51
1253216102,9180,1523146621,vivo Y51,121.51.40.116:1935,9180_932707,127,1,800,24117888,1524270531652,2018-04-21 08:28:51
1253216102,9180,1520317785,vivo Xplay5A,1.82.215.168:1935,9180_971511,43,1,1200,35652544,1524270541034,2018-04-21 08:29:01
1253216102,9180,1529279805,vivo Y51A,221.228.218.168:1935,9180_953800,65,1,1200,35652544,1524270542381,2018-04-21 08:29:11
1253216102,9180,1520018740,vivo X9Plus L,180.101.153.141:1935,9180_971159,62,1,1200,35652544,1524270613469,2018-04-21 08:30:13
1253216102,9180,1519367945,"iPhone10,1",180.101.217.144:1935,9180_946303,23,1,0,35652544,1524270620573,2018-04-21 08:30:20
1253216102,9180,1529476368,OPPO R9s Plus,180.101.153.141:1935,9180_955900,98,2,1200,35652544,1524270660173,2018-04-21 08:31:01
1253216102,9180,1515322872,CAM-TL00,121.51.40.118:1935,9180_944451,473,1,1200,35652544,1524269939928,2018-04-21 08:31:31
1253216102,9180,1518297200,vivo X9Plus L,61.128.151.34:1935,9180_967350,32,1,1200,35652544,1524270788537,2018-04-21 08:33:06
1253216102,9180,1520317787,vivo X9Plus,183.131.60.28:1935,9180_971513,32,1,1200,35652544,1524270791440,2018-04-21 08:33:10
1253216102,9180,642666908,vivo X20Plus A,125.211.204.173:1935,9180_903242,104,2,1200,35652544,1524270791845,2018-04-21 08:33:12
1253216102,9180,1520317788,vivo Y66,111.19.130.165:1935,9180_971514,47,1,1200,35652544,1524270921041,2018-04-21 08:33:16
1253216102,9180,1520317786,vivo X9s,113.142.52.28:1935,9180_971512,158,2,1200,35652544,1524270797918,2018-04-21 08:33:18
1253216102,9180,1515828403,vivo Y67,113.105.155.168:1935,9180_943340,59,1,1200,35652544,1524270843417,2018-04-21 08:34:04
1253216102,9180,1515732060,vivo Y66L,113.200.98.172:1935,9180_942574,344,2,800,24117888,1524270862608,2018-04-21 08:34:22
1253216102,9180,1515974158,vivo V3,121.51.22.123:1935,9180_959617,22,1,1200,35652544,1524270917980,2018-04-21 08:35:18
1253216102,9180,1518605408,CAM-AL00,42.56.79.29:1935,9180_970624,136,2,800,24117888,1524270946670,2018-04-21 08:35:46
1253216102,9180,954862690,OPPO R7,61.191.60.36:1935,9180_779526,84,1,1200,35652544,1524270936483,2018-04-21 08:35:49
1253216102,9180,1522980342,OPPO R9sk,112.17.5.50:1935,9180_932498,119,1,800,24117888,1524270952856,2018-04-21 08:35:52
1253216102,9180,1518303743,HUAWEI MLA-AL10,123.6.4.164:1935,9180_968781,196,2,1200,35652544,1524270981076,2018-04-21 08:36:21
1253216102,9180,1518603500,HUAWEI MLA-AL10,106.117.249.167:1935,9180_970893,150,1,1200,35652544,1524270973864,2018-04-21 08:36:36
1253216102,9180,1519292294,iPhone 6 Plus,111.40.174.13:1935,9180_946787,60,1,1200,35652544,1524271016205,2018-04-21 08:36:56
1253216102,9180,615397426,OPPO R11 Plus,111.62.242.159:1935,9180_918881,51,1,1200,35652544,1524271017233,2018-04-21 08:37:11
1253216102,9180,1515964087,vivo Y55A,123.161.58.29:1935,9180_959456,102,1,800,24117888,1524271074901,2018-04-21 08:37:56
1253216102,9180,1518896685,vivo Y51,120.221.31.42:1935,9180_961306,432,2,1200,35652544,1524271083863,2018-04-21 08:38:05
1253216102,9180,1520317789,vivo Y66,117.169.71.147:1935,9180_971515,310,1,1200,35652544,1524271092972,2018-04-21 08:38:13
1253216102,9180,1518612647,vivo X21A,180.153.100.161:1935,9180_970791,49,1,1200,35652544,1524271095272,2018-04-21 08:38:15
1253216102,9180,966360402,MP1602,125.211.204.167:1935,9180_239935,105,1,1800,47187200,1524271115703,2018-04-21 08:38:41
1253216102,9180,1515879376,vivo Y66,113.200.98.167:1935,9180_956832,179,2,1200,35652544,1524271163947,2018-04-21 08:39:23
1253216102,9180,1517873141,MP1512,42.56.79.28:1935,9180_965685,62,2,1200,35652544,1524271292233,2018-04-21 08:39:53
1253216102,9180,641935490,vivo Y67,1.189.213.29:1935,9180_909181,93,1,800,24117888,1524271193866,2018-04-21 08:39:54
1253216102,9180,1534811503,Redmi 4X,118.180.60.43:1935,9180_894824,148,1,1200,35652544,1524271213515,2018-04-21 08:40:25
1253216102,9180,1534773562,"iPhone10,2",112.29.199.38:1935,9180_894323,40,1,1200,35652544,1524271276090,2018-04-21 08:41:16
1253216102,9180,1520317856,vivo Y67L,183.203.65.20:1935,9180_971518,249,1,1200,35652544,1524271275788,2018-04-21 08:41:17
1253216102,9180,1521698787,OPPO R9s,150.138.184.38:1935,9180_947796,202,1,1200,35652544,1524271281409,2018-04-21 08:41:27
1253216102,9180,954913591,vivo Y66,121.31.30.171:1935,9180_777614,75,1,1200,35652544,1524271337674,2018-04-21 08:41:59
1253216102,9180,1520317857,vivo X9Plus L,223.111.243.159:1935,9180_971519,54,1,1200,35652544,1524271360778,2018-04-21 08:42:48
1253216102,9180,611015770,iPhone 7 Plus (CDMA),111.47.223.38:1935,9180_869113,89,2,0,35652544,1524271395914,2018-04-21 08:43:16
1253216102,9180,1522937950,OPPO R9m,42.56.79.28:1935,9180_931370,42,1,1200,35652544,1524271420464,2018-04-21 08:43:41
1253216102,9180,1522100891,vivo X9Plus,123.125.46.154:1935,9180_963904,190,1,1200,35652544,1524271454971,2018-04-21 08:44:14
1253216102,9180,1520317947,vivo X20A,121.51.40.109:1935,9180_971520,5155,1,1200,35652544,1524271491771,2018-04-21 08:44:52
1253216102,9180,1517849575,OPPO A57t,59.63.237.164:1935,9180_968048,183,1,1200,35652544,1524271526348,2018-04-21 08:45:27
1253216102,9180,1534739718,"iPhone10,3",113.200.98.172:1935,9180_892758,56,2,0,35652544,1524271537201,2018-04-21 08:45:37
1253216102,9180,1519267472,vivo X20Plus A,122.246.3.167:1935,9180_947228,68,1,800,24117888,1524271586237,2018-04-21 08:46:26
1253216102,9180,1523436719,iPhone 6s,157.255.128.40:1935,9180_937701,18,1,1200,35652544,1524271603149,2018-04-21 08:46:43
1253216102,9180,1529364592,OPPO A59s,117.41.244.37:1935,9180_954454,254,1,1200,35652544,1524271636173,2018-04-21 08:47:18
1253216102,9180,1534819542,BLN-AL20,111.6.160.38:1935,9180_894756,175,1,1200,35652544,1524271679014,2018-04-21 08:48:01
1253216102,9180,964834018,vivo X21,112.17.5.50:1935,9180_188435,375,1,1200,35652544,1524271681829,2018-04-21 08:48:01
1253216102,9180,303339860,OPPO R11,183.2.192.37:1935,9180_678313,10107,1,800,24117888,1524271694854,2018-04-21 08:48:18
1253216102,9180,1515827701,SM-G9280,116.211.185.37:1935,9180_943660,83,1,1200,35652544,1524272131426,2018-04-21 08:49:04
1253216102,9180,1529465927,PRA-AL00X,42.56.79.159:1935,9180_955432,116,1,1200,35652544,1524271788428,2018-04-21 08:49:48
1253216102,9180,642649123,iPhone 6s,1.189.213.159:1935,9180_904392,29,1,1200,35652544,1524271854735,2018-04-21 08:50:55
1253216102,9180,1522077375,OPPO R11t,183.214.128.167:1935,9180_963132,174,1,1800,47187200,1524271852812,2018-04-21 08:50:55
1253216102,9180,1520020109,vivo Y51,60.217.249.41:1935,9180_971036,202,1,1200,35652544,1524271886597,2018-04-21 08:51:22
1253216102,9180,1525426549,OPPO A37m,122.246.3.167:1935,9180_969951,304,1,1200,35652544,1524271920799,2018-04-21 08:52:01
1253216102,9180,1515734934,OPPO R9 Plusm A,223.111.243.158:1935,9180_943750,596,1,800,24117888,1524271951971,2018-04-21 08:52:33
1253216102,9180,1520317944,vivo X9s Plus L,111.47.223.38:1935,9180_971523,48,1,1200,35652544,1524271995221,2018-04-21 08:53:16
1253216102,9180,1519447655,vivo X9s L,111.47.223.37:1935,9180_969502,93,2,1200,35652544,1524272069234,2018-04-21 08:54:07
1253216102,9180,1523392190,OPPO A59s,124.232.162.167:1935,9180_937085,88,1,1800,47187200,1524272069803,2018-04-21 08:54:30
1253216102,9180,1519318731,vivo X9s L,157.255.128.37:1935,9180_947496,183,2,1200,35652544,1524272159308,2018-04-21 08:55:59
1253216102,9180,1518899022,vivo Y35A,121.29.54.40:1935,9180_961137,51,1,1800,47187200,1524272157288,2018-04-21 08:56:04
1253216102,9180,620466558,MP1602,125.78.252.39:1935,9180_902149,40,1,1200,35652544,1524272191303,2018-04-21 08:56:31
1253216102,9180,1523390835,Redmi 4X,220.194.79.37:1935,9180_937049,60,1,1200,35652544,1524272215288,2018-04-21 08:56:55
1253216102,9180,1520317951,vivo X20Plus A,27.221.28.167:1935,9180_971524,74,1,1200,35652544,1524272207275,2018-04-21 08:57:01
1253216102,9180,954860765,vivo X9s L,1.199.93.39:1935,9180_779764,154,1,800,24117888,1524272233723,2018-04-21 08:57:14
1253216102,9180,1529384806,GN5001S,1.31.173.38:1935,9180_954156,10184,1,1200,35652544,1524272249821,2018-04-21 08:57:29
1253216102,9180,1520317949,vivo X20Plus A,111.26.143.172:1935,9180_971526,108,1,1200,35652544,1524272250151,2018-04-21 08:57:30
1253216102,9180,1534819351,vivo X9,27.221.28.167:1935,9180_894775,155,1,800,24117888,1524272253509,2018-04-21 08:57:32
1253216102,9180,1520317950,Le X621,182.150.11.165:1935,9180_971525,333,2,1200,35652544,1524272259661,2018-04-21 08:57:41
1253216102,9180,1526359351,2014811,123.6.4.164:1935,9180_938394,145,1,1200,35652544,1524272261236,2018-04-21 08:57:46
1253216102,9180,1491470925,iPhone 7 (CDMA),219.147.231.28:1935,9180_25476,36,1,1200,35652544,1524272312238,2018-04-21 08:58:32
1253216102,9180,1517846590,vivo Y67L,42.202.141.173:1935,9180_968265,138,1,1200,35652544,1524272324116,2018-04-21 08:58:44
1253216102,9180,1518627382,vivo Y75A,183.131.48.158:1935,9180_970033,118,1,1200,35652544,1524272331049,2018-04-21 08:58:51
1253216102,9180,1525432234,vivo X9s L,180.101.217.167:1935,9180_969784,219,2,1200,35652544,1524272373670,2018-04-21 08:59:32
1253216102,9180,1515321585,vivo X7,112.90.58.158:1935,9180_944437,208,2,1200,35652544,1524272392141,2018-04-21 08:59:50
1253216102,9180,1681737837,vivo X7,180.101.217.167:1935,9180_84300,53,1,1200,35652544,1524272393323,2018-04-21 09:00:00
1253216102,9180,1520317891,BND-AL10,119.6.229.34:1935,9180_971528,205,2,800,24117888,1524272400457,2018-04-21 09:00:02
1253216102,9180,87602960,OPPO A59s,218.11.8.28:1935,9180_607837,103,2,1200,35652544,1524272405474,2018-04-21 09:00:15
1253216102,9180,1520317851,OPPO R11,183.232.152.159:1935,9180_971531,123,1,1200,35652544,1524272424089,2018-04-21 09:00:22
1253216102,9180,1518608360,vivo V3M A,139.215.203.168:1935,9180_970471,155,2,1200,35652544,1524272427192,2018-04-21 09:00:29
1253216102,9180,1518606571,vivo X6Plus D,112.29.199.38:1935,9180_970504,5199,1,1200,35652544,1524272419917,2018-04-21 09:00:35
1253216102,9180,1517877252,vivo X7Plus,223.111.186.28:1935,9180_968431,181,2,1200,35652544,1524272437214,2018-04-21 09:00:35
1253216102,9180,610014532,vivo X9L,223.167.152.109:1935,9180_870894,109,1,1200,35652544,1524272443394,2018-04-21 09:00:46
1253216102,9180,1518895779,vivo Y33,218.11.8.29:1935,9180_961003,273,1,1800,47187200,1524272441702,2018-04-21 09:00:51
1253216102,9180,317759928,MP1503,111.6.160.37:1935,9180_720294,37,1,1200,35652544,1524272459672,2018-04-21 09:01:09
1253216102,9180,1523423972,vivo X9s,14.215.166.165:1935,9180_936163,5054,1,1200,35652544,1524272469143,2018-04-21 09:01:09
1253216102,9180,1526570767,OPPO A57,121.51.40.116:1935,9180_938671,1364,1,1800,47187200,1524272474237,2018-04-21 09:01:14
1253216102,9180,1520317949,vivo X20Plus A,111.26.143.172:1935,9180_971526,44,1,1200,35652544,1524272489684,2018-04-21 09:01:29
1253216102,9180,1520317848,vivo X9,111.7.189.164:1935,9180_971532,1118,1,1200,35652544,1524272511113,2018-04-21 09:01:50
1253216102,9180,1800421510,MP1602,42.202.141.172:1935,9180_1000005288,42,1,1200,35652544,1524272520363,2018-04-21 09:02:05
1253216102,9180,1515321585,vivo X7,112.90.58.159:1935,9180_944437,402,2,1200,35652544,1524272532917,2018-04-21 09:02:10
1253216102,9180,177765796,iPhone 7 (CDMA),112.17.5.48:1935,9180_335215,49,2,1200,35652544,1524272541255,2018-04-21 09:02:21
1253216102,9180,1519318731,vivo X9s L,112.90.58.159:1935,9180_947496,174,2,1200,35652544,1524272558836,2018-04-21 09:02:38
1253216102,9180,1534819351,vivo X9,27.221.28.167:1935,9180_894775,75,1,800,24117888,1524272574911,2018-04-21 09:02:52
1253216102,9180,1522980342,OPPO R9sk,112.17.5.48:1935,9180_932498,1028,1,1200,35652544,1524272578977,2018-04-21 09:02:58
1253216102,9180,1523390835,Redmi 4X,220.194.79.37:1935,9180_937049,103,1,1200,35652544,1524272569333,2018-04-21 09:03:03
1253216102,9180,620436976,OPPO R11s,180.101.217.144:1935,9180_901593,38,1,1200,35652544,1524272590387,2018-04-21 09:03:11
1253216102,9180,1525426545,OPPO R9 Plusm A,42.56.79.29:1935,9180_969955,13,1,1200,35652544,1524272616012,2018-04-21 09:03:37
1253216102,9180,307227940,OPPO R9s Plus,58.216.106.169:1935,9180_630524,45,1,1200,35652544,1524272678836,2018-04-21 09:04:39
1253216102,9180,1520317857,vivo X9Plus L,223.111.153.37:1935,9180_971519,54,1,1200,35652544,1524272697900,2018-04-21 09:05:00
1253216102,9180,1515974158,vivo V3,121.51.22.112:1935,9180_959617,42,1,800,24117888,1524272713717,2018-04-21 09:05:19
1253216102,9180,1523389877,vivo X9s,112.90.58.158:1935,9180_937513,129,2,1200,35652544,1524272765605,2018-04-21 09:06:04
1253216102,9180,1523026518,vivo Y79,218.11.8.29:1935,9180_932183,78,1,1800,47187200,1524272799894,2018-04-21 09:06:39
1253216102,9180,613610162,OPPO R11,182.140.217.37:1935,9180_883993,118,1,800,24117888,1524272832588,2018-04-21 09:07:13
1253216102,9180,1522037104,vivo X20A,121.51.40.110:1935,9180_950264,187,1,800,24117888,1524272879315,2018-04-21 09:07:59
1253216102,9180,620489453,iPhone 6,112.90.58.158:1935,9180_901782,202,2,1522,35652544,1524272907405,2018-04-21 09:08:25
1253216102,9180,1518080021,vivo X5M,223.111.153.37:1935,9180_965469,227,1,1200,35652544,1524272918129,2018-04-21 09:08:38
1253216102,9180,1519321287,vivo V3Max A,116.211.185.36:1935,9180_962109,1533,1,1200,35652544,1524272936350,2018-04-21 09:08:57
1253216102,9180,1522185443,OPPO A37m,183.232.152.158:1935,9180_960191,204,2,1200,35652544,1524272955564,2018-04-21 09:09:17
1253216102,9180,1534380297,MP1603,58.216.107.37:1935,9180_897624,59,1,800,24117888,1524272961050,2018-04-21 09:09:21
1253216102,9180,1520317947,vivo X20A,121.51.40.109:1935,9180_971520,209,1,1200,35652544,1524272974161,2018-04-21 09:09:34
1253216102,9180,1534733645,OPPO R9tm,223.167.152.108:1935,9180_893327,113,1,1200,35652544,1524273023785,2018-04-21 09:10:25
1253216102,9180,1522042035,vivo Y67A,121.51.22.113:1935,9180_950834,200,1,1800,47187200,1524273026015,2018-04-21 09:10:27
1253216102,9180,1518608279,vivo X9Plus L,111.62.242.159:1935,9180_970496,43,1,1200,35652544,1524273019873,2018-04-21 09:10:28
1253216102,9180,955382048,OPPO R11,121.51.40.109:1935,9180_778813,97,1,1200,35652544,1524273057978,2018-04-21 09:10:59
1253216102,9180,1520317849,LLD-AL00,118.112.23.181:1935,9180_971533,86,2,800,24117888,1524273035496,2018-04-21 09:11:03
1253216102,9180,1522100891,vivo X9Plus,111.13.3.37:1935,9180_963904,84,2,1200,35652544,1524273112135,2018-04-21 09:11:52
1253216102,9180,1518105892,vivo V3Max A,1.189.213.159:1935,9180_966543,200,2,1200,35652544,1524273147099,2018-04-21 09:12:27
1253216102,9180,168425359,vivo X9s,123.125.46.28:1935,9180_282990,5041,1,1200,35652544,1524273091279,2018-04-21 09:12:32
1253216102,9180,615420042,PRA-TL10,117.174.151.12:1935,9180_917137,56,1,1200,35652544,1524273187489,2018-04-21 09:13:08
1253216102,9180,1515322501,vivo Y66L,121.51.40.109:1935,9180_944310,93,1,1200,35652544,1524273214320,2018-04-21 09:13:32
1253216102,9180,84514470,MI 5s Plus,61.190.114.26:1935,9180_552297,59,2,1200,35652544,1524273211985,2018-04-21 09:13:33
1253216102,9180,1520317854,vivo X20A,113.142.52.22:1935,9180_971534,111,2,1200,35652544,1524273220708,2018-04-21 09:13:40
1253216102,9180,1520021687,vivo X9,61.128.150.42:1935,9180_971260,110,2,1200,35652544,1524273226873,2018-04-21 09:13:51
1253216102,9180,1515937478,OPPO R11,59.49.45.24:1935,9180_958586,70,1,1200,35652544,1524273265628,2018-04-21 09:14:26
1253216102,9180,68157004,MP1602,111.40.174.13:1935,9180_583202,18,1,800,24117888,1524273295373,2018-04-21 09:14:56
1253216102,9180,1522182274,Letv X500,123.6.4.165:1935,9180_960299,93,1,800,24117888,1524273296673,2018-04-21 09:15:00
1253216102,9180,1518606407,vivo Y75A,123.6.4.165:1935,9180_970515,116,1,800,24117888,1524273350313,2018-04-21 09:15:51
1253216102,9180,1520317852,vivo X9,58.216.106.167:1935,9180_971536,3542,1,1200,35652544,1524273351082,2018-04-21 09:15:52
1253216102,9180,615384171,vivo Y79,111.7.189.165:1935,9180_918972,120,2,800,24117888,1524273387911,2018-04-21 09:16:28
1253216102,9180,954913591,vivo Y66,121.31.30.171:1935,9180_777614,42,1,1200,35652544,1524273477693,2018-04-21 09:17:39
1253216102,9180,1518101301,OPPO A57t,112.47.9.28,9180_966804,29,1,1800,83886800,1524273459406,2018-04-21 09:17:41
1253216102,9180,1520317853,Le X520,182.140.217.37:1935,9180_971537,375,1,1200,35652544,1524273509332,2018-04-21 09:18:30
1253216102,9180,1518300248,vivo Y67A,58.216.107.38:1935,9180_967440,70,1,1200,35652544,1524273515591,2018-04-21 09:18:38
1253216102,9180,1526570956,vivo Xplay6,113.142.51.164:1935,9180_938652,233,2,800,24117888,1524273525269,2018-04-21 09:18:42
1253216102,9180,1520317922,vivo X9,123.172.120.169:1935,9180_971538,115,2,1200,35652544,1524273568409,2018-04-21 09:19:28
1253216102,9180,1517849575,OPPO A57t,59.63.237.165:1935,9180_968048,105,1,1200,35652544,1524273614044,2018-04-21 09:20:15
1253216102,9180,615718203,vivo X20A,123.161.58.28:1935,9180_916336,5151,1,1800,47187200,1524273624230,2018-04-21 09:20:24
1253216102,9180,86404100,vivo X7,123.161.58.28:1935,9180_628182,87,1,1200,35652544,1524273634744,2018-04-21 09:20:38
1253216102,9180,1515870859,vivo Y55A,112.29.196.170:1935,9180_956286,261,1,1200,35652544,1524273711123,2018-04-21 09:22:17
1253216102,9180,1518605408,CAM-AL00,42.56.76.41:1935,9180_970624,86,2,800,24117888,1524273751672,2018-04-21 09:22:31
1253216102,9180,1519447366,vivo X6SPlus D,112.29.199.38:1935,9180_969245,170,1,1200,35652544,1524273760077,2018-04-21 09:22:43
1253216102,9180,954070020,PRO 6s,116.211.185.44:1935,9180_719621,56,1,1200,35652544,1524273764542,2018-04-21 09:22:44
1253216102,9180,1515947630,vivo Y85A,118.180.60.43:1935,9180_959002,123,1,1200,35652544,1524273808985,2018-04-21 09:23:29
1253216102,9180,1529465927,PRA-AL00X,42.56.76.41:1935,9180_955432,122,1,1200,35652544,1524273824831,2018-04-21 09:23:44
1253216102,9180,1529378913,OPPO R9m,183.230.74.37:1935,9180_954662,122,1,1800,47187200,1524273828057,2018-04-21 09:23:48
1253216102,9180,1515880260,8681-M02,111.6.160.37:1935,9180_956999,212,1,800,24117888,1524273672110,2018-04-21 09:23:55
1253216102,9180,1529454401,OPPO R9s,183.214.128.167:1935,9180_952133,185,2,1800,47187200,1524273856634,2018-04-21 09:24:18
1253216102,9180,1519437074,OPPO R11 Plusk,124.232.162.168:1935,9180_969497,126,1,1800,47187200,1524273869845,2018-04-21 09:24:31
1253216102,9180,1520019541,vivo X9Plus L,183.232.152.158:1935,9180_971096,47,1,1200,35652544,1524273875449,2018-04-21 09:24:34
1253216102,9180,1520317886,vivo Y79A,120.192.69.168:1935,9180_971507,59,1,1200,35652544,1524273941474,2018-04-21 09:25:53
1253216102,9180,1526348207,iPhone 6s,59.49.45.24:1935,9180_939050,10,1,1200,35652544,1524273961163,2018-04-21 09:26:01
1253216102,9180,1526339963,vivo Y51,111.7.189.164:1935,9180_939837,1066,1,800,24117888,1524273984821,2018-04-21 09:26:21
1253216102,9180,1515926886,vivo X7Plus,14.215.166.164:1935,9180_958078,82,1,1200,35652544,1524274011454,2018-04-21 09:26:51
1253216102,9180,1534359116,OPPO A57,27.152.185.167:1935,9180_897704,27,1,800,24117888,1524274015658,2018-04-21 09:26:56
1253216102,9180,1518605435,iPhone 6 Plus,1.189.213.29:1935,9180_970629,173,1,1200,35652544,1524274034589,2018-04-21 09:27:15
1253216102,9180,1517849412,iPhone 7 Plus (CDMA),118.180.60.42:1935,9180_968058,76,1,0,35652544,1524274049074,2018-04-21 09:27:29
1253216102,9180,1522905318,vivo X7Plus,120.221.31.42:1935,9180_935792,211,1,1200,35652544,1524274054546,2018-04-21 09:27:34
1253216102,9180,1520316540,PRA-AL00X,60.217.249.13:1935,9180_971482,120,2,1200,35652544,1524274018514,2018-04-21 09:27:55
1253216102,9180,1525426549,OPPO A37m,122.246.3.168:1935,9180_969951,91,1,1200,35652544,1524274070679,2018-04-21 09:27:58
1253216102,9180,1525426894,vivo Y66i A,121.29.54.40:1935,9180_969809,93,1,1200,35652544,1524274130702,2018-04-21 09:28:51
1253216102,9180,1520022365,"iPhone10,2",106.117.249.37:1935,9180_971234,35,1,0,35652544,1524274177398,2018-04-21 09:29:37
1253216102,9180,1520317951,vivo X20Plus A,27.221.54.149:1935,9180_971524,40,1,1200,35652544,1524274190348,2018-04-21 09:29:50
1253216102,9180,620038724,iPhone 6s Plus,223.85.59.173:1935,9180_911145,45,1,1200,35652544,1524274224964,2018-04-21 09:30:25
1253216102,9180,1527597081,vivo X6D,183.203.65.20:1935,9180_899837,157,1,800,24117888,1524274328128,2018-04-21 09:30:37
1253216102,9180,1519447672,vivo X6SPlus D,111.12.28.21:1935,9180_969509,139,2,1200,35652544,1524274249657,2018-04-21 09:30:49
1253216102,9180,1529454336,vivo Y66L,106.117.249.38:1935,9180_952156,48,1,1200,35652544,1524274310954,2018-04-21 09:31:58
1253216102,9180,1519327135,vivo X20A,221.180.165.29:1935,9180_962524,366,2,1800,47187200,1524274317109,2018-04-21 09:32:00
1253216102,9180,1518877028,LND-AL30,223.87.3.35:1935,9180_964923,293,2,1200,35652544,1524274453001,2018-04-21 09:34:20
1253216102,9180,1515964087,vivo Y55A,123.6.6.29:1935,9180_959456,47,1,800,24117888,1524274475015,2018-04-21 09:34:35
1253216102,9180,1526384122,OPPO R11s,125.211.204.167:1935,9180_939119,175,1,1200,35652544,1524274535975,2018-04-21 09:35:36
1253216102,9180,1517875720,vivo X20Plus,42.236.125.42:1935,9180_965778,75,1,800,24117888,1524274548851,2018-04-21 09:35:50
1253216102,9180,2019651788,"iPhone10,3",61.140.13.167:1935,9180_44445235,13,1,1200,35652544,1530581773214,2018-04-21 09:36:30
1253216102,9180,510484471,OPPO R11st,157.255.128.40:1935,9180_432210,124,1,1200,35652544,1524274646184,2018-04-21 09:37:26
1253216102,9180,616254388,OPPO R9 Plustm A,42.56.79.29:1935,9180_859991,104,1,1200,35652544,1524274662743,2018-04-21 09:37:44
1253216102,9180,1515308468,vivo Xplay6,113.142.52.21:1935,9180_944171,132,1,1200,35652544,1524274701390,2018-04-21 09:38:20
1253216102,9180,1518106627,vivo Y66,106.117.249.37:1935,9180_966970,132,2,800,24117888,1524274698727,2018-04-21 09:38:28
1253216102,9180,1520317496,DUK-AL20,42.123.100.168:1935,9180_971544,94,1,1200,35652544,1524274731997,2018-04-21 09:38:53
1253216102,9180,1515888071,OPPO A59s,117.157.18.30:1935,9180_957143,160,1,1200,35652544,1524274733901,2018-04-21 09:38:55
1253216102,9180,1523122656,vivo Y66,183.232.152.158:1935,9180_933251,226,2,1800,47187200,1524274749805,2018-04-21 09:39:06
1253216102,9180,1519264374,CUN-AL00,139.215.203.167:1935,9180_947353,289,1,1200,35652544,1524274785986,2018-04-21 09:39:46
1253216102,9180,641736559,iPhone 6 Plus,111.47.228.28:1935,9180_908468,257,1,1200,35652544,1524274814742,2018-04-21 09:40:15
1253216102,9180,1520317499,vivo Y66L,218.11.8.29:1935,9180_971545,84,1,1200,35652544,1524274832456,2018-04-21 09:40:31
1253216102,9180,1523339030,LLD-AL10,221.180.165.29:1935,9180_936639,150,1,1800,47187200,1524274879030,2018-04-21 09:41:20
1253216102,9180,1534797828,vivo Xplay6,111.6.160.37:1935,9180_895788,359,2,800,24117888,1524274885809,2018-04-21 09:41:29
1253216102,9180,1518612850,vivo Y35,183.224.34.141:1935,9180_970738,113,2,1200,35652544,1524274913799,2018-04-21 09:41:55
1253216102,9180,1521692218,vivo X7,111.7.189.164:1935,9180_949553,5617,1,1800,47187200,1524274971795,2018-04-21 09:42:51
1253216102,9180,615407561,vivo Y67,117.135.128.43:1935,9180_918726,79,2,1200,35652544,1524275013209,2018-04-21 09:43:43
1253216102,9180,1518605574,vivo Y51A,14.215.166.165:1935,9180_970652,1475,1,1200,35652544,1524275030761,2018-04-21 09:43:52
1253216102,9180,1537291672,OPPO A73t,123.125.46.167:1935,9180_820405,251,1,1200,35652544,1524275036857,2018-04-21 09:43:59
1253216102,9180,1515948434,vivo X9,121.51.40.118:1935,9180_959023,180,1,1200,35652544,1524274978557,2018-04-21 09:44:07
1253216102,9180,616294793,vivo X5M,221.204.60.37:1935,9180_858066,97,1,1200,35652544,1524275064799,2018-04-21 09:44:24
1253216102,9180,1521468925,vivo X20,157.255.128.37:1935,9180_941126,246,2,1800,47187200,1524275065132,2018-04-21 09:44:31
1253216102,9180,1529405940,TRT-TL10,106.119.182.37:1935,9180_954283,86,1,1200,35652544,1524275097824,2018-04-21 09:45:02
1253216102,9180,1520020001,vivo V3M A,117.157.18.29:1935,9180_971004,129,1,1200,35652544,1524275137013,2018-04-21 09:45:39
1253216102,9180,1529433571,RNE-AL00,61.128.151.35:1935,9180_952648,217,1,1200,35652544,1524275204925,2018-04-21 09:46:45
1253216102,9180,1518297200,vivo X9Plus L,61.128.150.41:1935,9180_967350,22,1,1200,35652544,1524275247119,2018-04-21 09:47:25
1253216102,9180,1520317445,vivo Y67A,223.85.59.173:1935,9180_971547,141,1,1200,35652544,1524275257489,2018-04-21 09:47:38
1253216102,9180,1517874783,vivo X9,118.180.26.16:1935,9180_965891,240,1,1800,47187200,1524275317171,2018-04-21 09:48:36
1253216102,9180,1515962950,vivo V3,112.17.5.48:1935,9180_959350,5240,1,1200,35652544,1524275356465,2018-04-21 09:49:17
1253216102,9180,1522077375,OPPO R11t,183.214.128.168:1935,9180_963132,43,1,1800,47187200,1524275360774,2018-04-21 09:49:20
1253216102,9180,1520020137,vivo Y66i,117.41.244.37:1935,9180_971049,191,1,1200,35652544,1524275340291,2018-04-21 09:49:30
1253216102,9180,1520317917,vivo Y37A,14.215.166.165:1935,9180_971550,320,1,1200,35652544,1524275400461,2018-04-21 09:49:46
1253216102,9180,1518607670,vivo X9L,122.143.6.25:1935,9180_970454,118,1,1200,35652544,1524275405973,2018-04-21 09:50:08
1253216102,9180,1520316851,vivo X7,112.90.58.158:1935,9180_971421,139,2,1200,35652544,1524275428037,2018-04-21 09:50:27
1253216102,9180,1522812732,vivo V3Max A,180.101.217.144:1935,9180_934642,75,1,1200,35652544,1524275460415,2018-04-21 09:50:59
1253216102,9180,1522947881,WAS-AL00,59.63.235.174:1935,9180_933300,59,1,1200,35652544,1524275476337,2018-04-21 09:51:17
1253216102,9180,1521476798,vivo Y66,61.191.60.36:1935,9180_941983,158,1,1200,35652544,1524275503774,2018-04-21 09:51:44
1253216102,9180,1518606688,vivo Y55A,117.157.18.30:1935,9180_970546,71,1,1200,35652544,1524275520945,2018-04-21 09:52:01
1253216102,9180,1519437270,iPhone 6s Plus,111.202.99.171:1935,9180_969434,250,1,1200,35652544,1524275523731,2018-04-21 09:52:03
1253216102,9180,1518605561,MP1603,27.152.185.167:1935,9180_970668,20,1,1200,35652544,1524275540936,2018-04-21 09:52:22
1253216102,9180,1518304575,vivo X9,121.51.22.122:1935,9180_968735,1223,1,800,24117888,1524275579904,2018-04-21 09:53:00
1253216102,9180,170653123,iPhone 7 (CDMA),42.56.79.29:1935,9180_267855,65,1,1200,35652544,1524275583981,2018-04-21 09:53:04
1253216102,9180,1521698787,OPPO R9s,150.138.176.167:1935,9180_947796,50,1,800,24117888,1524275592209,2018-04-21 09:53:08
1253216102,9180,1522470029,"iPhone10,3",61.140.13.168:1935,9180_951782,53,1,0,35652544,1524275583118,2018-04-21 09:53:13
1253216102,9180,956245421,MI 4LTE,221.235.252.144:1935,9180_786133,85,1,800,24117888,1524275654547,2018-04-21 09:54:13
1253216102,9180,1520317912,EDI-AL10,113.107.216.41:1935,9180_971553,61,1,1200,35652544,1524275646643,2018-04-21 09:54:17
1253216102,9180,1518602487,vivo X6A,218.75.176.89:1935,9180_970982,141,1,1200,35652544,1524275689391,2018-04-21 09:54:50
1253216102,9180,1522067000,vivo Y55L,223.111.153.38:1935,9180_951123,72,1,800,24117888,1524275746653,2018-04-21 09:55:46
1253216102,9180,1520317913,vivo X7,106.117.249.167:1935,9180_971554,1444,2,1200,35652544,1524275781447,2018-04-21 09:56:25
1253216102,9180,1519173326,vivo Y66,118.180.26.40:1935,9180_948414,99,1,1200,35652544,1524275787302,2018-04-21 09:56:28
1253216102,9180,1519283256,iPhone 6s,223.167.152.106:1935,9180_946513,66,1,1200,35652544,1524275788304,2018-04-21 09:56:28
1253216102,9180,1518602734,vivo Y66L,223.87.3.35:1935,9180_970905,134,2,1200,35652544,1524275807688,2018-04-21 09:56:47
1253216102,9180,1529272620,vivo Y66,111.19.130.174:1935,9180_953670,101,1,800,24117888,1524275843520,2018-04-21 09:57:25
1253216102,9180,1522101790,vivo Y79A,111.62.242.158:1935,9180_963473,61,1,1200,35652544,1524275886819,2018-04-21 09:58:04
1253216102,9180,1518907260,vivo Y66,153.37.238.167:1935,9180_961976,83,1,1800,47187200,1524275900647,2018-04-21 09:58:21
1253216102,9180,1515765886,Redmi Note 4,219.147.231.29:1935,9180_942914,945,1,1200,35652544,1524275913120,2018-04-21 09:58:33
1253216102,9180,641735611,"iPhone10,2",1.189.213.158:1935,9180_908786,40,1,1200,35652544,1524275924701,2018-04-21 09:58:44
1253216102,9180,614251878,vivo Y51A,218.11.11.172:1935,9180_839424,59,1,1200,35652544,1524275928380,2018-04-21 09:58:53
1253216102,9180,1515972825,vivo X20A,112.17.5.50:1935,9180_959889,117,2,1200,35652544,1524275935511,2018-04-21 09:58:59
1253216102,9180,641829327,vivo X9s,116.211.185.36:1935,9180_905780,242,2,1200,35652544,1524275960643,2018-04-21 09:59:21
1253216102,9180,1520317914,OPPO A57,111.6.160.38:1935,9180_971555,215,1,1200,35652544,1524275978737,2018-04-21 09:59:39
1253216102,9180,1534811503,Redmi 4X,118.180.26.40:1935,9180_894824,112,1,1200,35652544,1524275996581,2018-04-21 09:59:55
1253216102,9180,1515765886,PACT00,219.147.231.28:1935,9180_942914,226,1,1200,35652544,1524276002783,2018-04-21 10:00:07
1253216102,9180,2019651788,"iPhone10,3",113.105.155.167:1935,9180_44445235,11,1,1500,35652544,1530583191369,2018-04-21 10:00:13
1253216102,9180,1515972825,vivo X20A,112.17.5.50:1935,9180_959889,73,2,1200,35652544,1524276012976,2018-04-21 10:00:14
1253216102,9180,620466558,MP1602,125.78.252.38:1935,9180_902149,68,1,1200,35652544,1524276022719,2018-04-21 10:00:22
1253216102,9180,1519484063,OPPO A83t,120.221.31.37:1935,9180_969137,49,1,1200,35652544,1524276045061,2018-04-21 10:00:47
1253216102,9180,1518872410,NX563J,124.232.162.168:1935,9180_964422,70,1,1200,35652544,1524276055419,2018-04-21 10:00:56
1253216102,9180,1520317947,vivo X20A,121.51.40.111:1935,9180_971520,48,1,1200,35652544,1524276063230,2018-04-21 10:01:03
1253216102,9180,1518303679,vivo Y67,111.19.130.174:1935,9180_968763,82,1,1200,35652544,1524276071451,2018-04-21 10:01:12
1253216102,9180,1518607670,vivo X9L,122.143.6.29:1935,9180_970454,52,1,1200,35652544,1524276074136,2018-04-21 10:01:13
1253216102,9180,1518602487,vivo X6A,218.75.176.89:1935,9180_970982,65,1,1200,35652544,1524276069743,2018-04-21 10:01:35
1253216102,9180,1519322783,KINGSUN-F4,58.216.107.159:1935,9180_962168,312,2,1200,35652544,1524276091801,2018-04-21 10:01:53
1253216102,9180,1522905318,vivo X7Plus,120.221.31.42:1935,9180_935792,922,1,1200,35652544,1524276125620,2018-04-21 10:02:05
1253216102,9180,1522077375,OPPO R11t,183.214.128.168:1935,9180_963132,114,2,1800,47187200,1524276127023,2018-04-21 10:02:36
1253216102,9180,1520317476,vivo Y67,113.207.48.169:1935,9180_971557,276,2,1200,35652544,1524276160331,2018-04-21 10:02:58
1253216102,9180,641736559,iPhone 6 Plus,111.47.228.28:1935,9180_908468,416,1,1200,35652544,1524276190310,2018-04-21 10:03:10
1253216102,9180,1515830388,vivo Y75,117.157.18.29:1935,9180_943557,110,1,800,24117888,1524276202920,2018-04-21 10:03:23
1253216102,9180,1515964087,vivo Y55A,123.6.6.28:1935,9180_959456,118,1,800,24117888,1524276213844,2018-04-21 10:03:34
1253216102,9180,1526360612,iPhone 6s Plus,118.112.23.181:1935,9180_938225,31,2,1200,35652544,1524276242052,2018-04-21 10:04:04
1253216102,9180,1518304575,vivo X9,121.51.22.123:1935,9180_968735,99,1,800,24117888,1524276245816,2018-04-21 10:04:05
1253216102,9180,1519442587,vivo X7Plus,42.236.126.167:1935,9180_969201,122,1,1200,35652544,1524276256392,2018-04-21 10:04:15
1253216102,9180,1515865716,vivo Y66i,112.17.5.48:1935,9180_956390,49,1,1200,35652544,1524276256371,2018-04-21 10:04:16
1253216102,9180,1515974157,vivo V3Max A,111.19.130.165:1935,9180_959616,84,1,1200,35652544,1524276283115,2018-04-21 10:04:43
1253216102,9180,955417360,DUK-AL20,27.152.185.168:1935,9180_718930,63,1,1200,35652544,1524276291358,2018-04-21 10:04:59
1253216102,9180,1520317477,vivo X9Plus,157.255.128.37:1935,9180_971558,150,2,1200,35652544,1524276308777,2018-04-21 10:05:09
1253216102,9180,1534811503,Redmi 4X,118.180.26.40:1935,9180_894824,76,1,1200,35652544,1524276325203,2018-04-21 10:05:24
1253216102,9180,1520317478,OPPO R9sk,1.199.93.39:1935,9180_971559,5108,2,1200,35652544,1524276325183,2018-04-21 10:05:25
1253216102,9180,1520317564,vivo Y66,112.47.9.29:1935,9180_971562,158,2,1200,35652544,1524276352538,2018-04-21 10:05:53
1253216102,9180,1518902128,vivo X9s,42.236.125.37:1935,9180_961220,184,2,1200,35652544,1524276345566,2018-04-21 10:05:53
1253216102,9180,1518605574,vivo Y51A,183.232.152.158:1935,9180_970652,200,2,1200,35652544,1524276359057,2018-04-21 10:06:04
1253216102,9180,1519930622,m1 note,118.112.23.182:1935,9180_971382,165,1,1200,35652544,1524276368244,2018-04-21 10:06:10
1253216102,9180,1520021687,vivo X9,119.84.99.179:1935,9180_971260,106,2,1200,35652544,1524276379745,2018-04-21 10:06:22
1253216102,9180,1520022399,vivo Y66L,221.228.219.28:1935,9180_971245,64,1,1200,35652544,1524276382107,2018-04-21 10:06:25
1253216102,9180,1522179601,vivo X7Plus,123.6.4.165:1935,9180_960318,120,1,1200,35652544,1524276387318,2018-04-21 10:06:27
1253216102,9180,1518606407,vivo Y75A,123.6.4.164:1935,9180_970515,112,1,800,24117888,1524276421164,2018-04-21 10:07:04
1253216102,9180,1517849575,OPPO A57t,59.63.235.174:1935,9180_968048,58,1,1200,35652544,1524276467150,2018-04-21 10:07:48
1253216102,9180,1520317565,vivo X9s,221.204.165.42:1935,9180_971561,94,1,1200,35652544,1524276485037,2018-04-21 10:08:01
1253216102,9180,1522980342,OPPO R9sk,112.17.5.50:1935,9180_932498,514,1,1200,35652544,1524276473526,2018-04-21 10:08:03
1253216102,9180,1520020137,vivo Y66i,59.63.237.165:1935,9180_971049,324,1,1200,35652544,1524276492911,2018-04-21 10:08:13
1253216102,9180,1529378913,OPPO R9m,183.230.74.38:1935,9180_954662,77,1,1800,47187200,1524276521425,2018-04-21 10:08:41
1253216102,9180,615391469,SM-G955N,122.143.6.25,9180_918215,71,1,1200,62915104,1524276556920,2018-04-21 10:09:18
1253216102,9180,1519143896,vivo X20A,223.87.3.35:1935,9180_949657,49,1,1200,35652544,1524276591748,2018-04-21 10:09:52
1253216102,9180,1520317566,vivo X21A,1.31.173.37:1935,9180_971560,227,1,1200,35652544,1524276593247,2018-04-21 10:09:53
1253216102,9180,200934381,iPhone 7 (CDMA),124.89.197.29:1935,9180_276353,181,2,0,35652544,1524276639526,2018-04-21 10:10:39
1253216102,9180,1520317848,vivo X9,111.7.189.165:1935,9180_971532,98,1,1200,35652544,1524276649169,2018-04-21 10:10:48
1253216102,9180,84514470,MI 5s Plus,61.190.114.26:1935,9180_552297,28,1,1200,35652544,1524276680693,2018-04-21 10:11:21
1253216102,9180,1800422297,vivo X9Plus,121.51.22.114:1935,9180_1000005291,356,1,1200,35652544,1524276705942,2018-04-21 10:11:44
1253216102,9180,1521692218,vivo X7,111.7.189.165:1935,9180_949553,500,1,1800,47187200,1524276710594,2018-04-21 10:11:50
1253216102,9180,1519930395,CUN-AL00,123.161.58.29:1935,9180_971399,123,1,1200,35652544,1524276723350,2018-04-21 10:12:03
